【现货出】告白气球家原创在逃甜心Lolita裙三丽鸥粉白 L 码 全新带吊牌。 小物都在的。 裙子有点重包邮 爽快来送小礼物 下单不退换 想好再拍。  ,148   ,link: ,https://www.goofish.com/item?id=907055831666&categoryId=201509401
【现货】小缎带·常规版op LilithEye原创 Loli ta大裙摆连衣裙 常规版常规版！！粉+红，短款，都是xl码，习惯性摘吊牌仅试穿，已过水，单件标价出，两件310包手续费，包邮非偏远，拍付后给实图视频和交易记录，确认无误后发货，二手物品售出不退不换。  ,167   ,link: ,https://www.goofish.com/item?id=909786356987&categoryId=126860305
实拍韩菇凉的恋与心悸160没有内搭单裙子jsk邮费平摊 感兴趣的话点“我想要”和我私聊吧～  ,160   ,link: ,https://www.goofish.com/item?id=909379157568&categoryId=126860305
AD鹿隐洋装Lolita虞美人之夏 黑色OP，尺码M。套头就走，这条超级超级显瘦！（三只小蝴蝶结可拆卸，洗之后会皱不好看干脆丢了，介意慎拍  ,141   ,link: ,https://www.goofish.com/item?id=909917264490&categoryId=201509401
出告白气球家爱丽丝的梦蓝色长款xxl 全新吊牌未拆 单op无围裙，没有围裙！！ 买大了出掉，仅试穿 拍下不退不换  ,220   ,link: ,https://www.goofish.com/item?id=908868698011&categoryId=126860305
【出】安娜贝尔.李jsk 清水社原创设计洛丽塔复古doll感 jsk l码 内搭，jsk，发带 裙摆纱上有两处破洞，棉布的有点皱巴巴 内搭领子有点染色 不包邮，不包sxf，不换 大瑕！！！  ,140   ,link: ,https://www.goofish.com/item?id=908922317870&categoryId=126860305
【尾款】告白气球家lolita三丽鸥星星软糖洛丽塔裙原创正品 S码 库洛米背带 单裙子全新未穿，因尺码不合适出手。感兴趣的小伙伴可以直接拍下哦～  ,140   ,link: ,https://www.goofish.com/item?id=909634408306&categoryId=126860305
喵君工作室原创设计云间药铺中华风lolita连衣裙罩裙套装汉 洋折衷 大全套 罩衫加裙子 从一任那边买来嘟，一共穿过两次（包括1任） 交易愉快，诚心购买送发饰，完美主义勿扰，不讲价，不包邮 衣服很漂亮很漂亮！手机拍出来有点暗  ,210   ,link: ,https://www.goofish.com/item?id=907186456132&categoryId=126860305
【包邮出】ag家少女派对黑色op xs码 Alice girl原创新 Lolita少女派对蝴蝶结拖尾 闪光三层吊带连衣裙 穿一洗一 后面一直挂在衣柜里 没有明显瑕疵 发出前可以指哪拍哪 但是不接受到手刀ysg 提前感谢宝宝收物  ,150   ,link: ,https://www.goofish.com/item?id=908782020082&categoryId=126860305
【FlowerFairyDaily 黑鸢尾 lolita背带 sk半裙】经典设计，黑白配色，尽显可爱与时尚。M码，适合多种场合穿着。全新商品，短款，没穿过一次 注意：不支持七天无理由退换  ,160   ,link: ,https://www.goofish.com/item?id=908358385061&categoryId=126860305
#Lolita #lolita裙 nololita细雪 品牌：nololita 状态：穿一，缺胸口蝴蝶结 型色尺码：白色，jsk，均码 【包邮非偏远，均已洗净，二手物品默认有瑕，拍下不退不换，只出不换】  ,140   ,link: ,https://www.goofish.com/item?id=907958753044&categoryId=126860305
【梦见小星球】珍珠与百合洛丽塔lolita现货 穿一洗一，未穿出门，状态良好可私细节，绝不藏瑕碎碎念致歉：事多别拍别找，算是大刀出裙子不是我做的，我不能确定裙子做工OP本体➕小物（发圈蝴蝶结）二手商品不退不换，无售后拒ysg，dsd，wcn爽快事少姐妹收货后➖20[呲牙][呲牙]  ,160   ,link: ,https://www.goofish.com/item?id=902227949883&categoryId=126860305
出洛丽猫雾隐山茶lolita大全套，穿一洗一，东西都在，最后 一张是我自己的上身图，送裙撑和外面的开衫，可一起搭配很适合。（是江西发货，当时在珠海发布的，不知道为什么没变过来，拍下不退不换，超重需补邮）  ,186   ,link: ,https://www.goofish.com/item?id=907284928326&categoryId=126860305
未知星辰原创正品教堂钟声长袖Lolita有飞机盒裙子有点瑕疵 偏远地区不包邮 送一个小帽子  ,194   ,link: ,https://www.goofish.com/item?id=907505518329&categoryId=201509401
正版带拖尾发出前会现拍裙子状态 不接受退货 大刀 没有盒子了 太长了不适合我  ,150   ,link: ,https://www.goofish.com/item?id=907849851562&categoryId=126860305
猫芮可春日花信lolitaM码 裙子+发带+接袖 有原盒子 无吊牌 穿一洗一江浙沪包邮 非偏远半包 邮费转账可直拍  ,229   ,link: ,https://www.goofish.com/item?id=908624831587&categoryId=126860305
出告白气球家爱丽丝美乐蒂lolita大全套 加小码（xs）正的图为实拍 图上什么样子收到就是什么样子二手默认微瑕 细节控放大镜勿拍裙子在家 周末放假发货 有的时候可能要等两周才会回去拍前可问发货时间可定金预订只出不换 不单出可直拍 请及时确认收货～  ,245   ,link: ,https://www.goofish.com/item?id=907484696538&categoryId=126860305
FlowerFairyDaily 黑鸢尾 lolita背带 sk半裙 l码 长款 短穿一已洗 裙子很重 裙摆很大默认微瑕 ⭐️包邮 ⭐️当天确认收货并好评的妹子返还邮费  ,155   ,link: ,https://www.goofish.com/item?id=908503866746&categoryId=126860305
出很叮话原创设计小熊糖果屋lolita L码 生成色 图1为本人 穿一洗一 op+kc 可直拍 状态好 拍下指哪拍哪  ,247   ,link: ,https://www.goofish.com/item?id=908871464674&categoryId=201509401
塔莉黑短jsk s码 9成新 但是配件不齐，后面的蝴蝶结和 胸前的蝴蝶结不在了 纯棉的很舒适，裙摆很大doll感十足 是正的不是山！这个价格没什么好挑的 所见即所得，接受再拍  ,140   ,link: ,https://www.goofish.com/item?id=907751643150&categoryId=126860305
原创正版lolita裙洛丽塔加冕公主连衣裙洋装日常女中长款春 秋萝莉，只穿过几个小时，基本属于全新  ,168   ,link: ,https://www.goofish.com/item?id=909111548709&categoryId=126860305
包邮出，没有穿过有接袖外搭KC，默认微瑕小物都在裙上，很do ll感的裙子图片实拍，需要直拍  ,158   ,link: ,https://www.goofish.com/item?id=908832676264&categoryId=126860305
出线球猫原创lolita企鹅雪宝jsk连衣裙，超可爱洛丽塔洋 装！l码。试穿过一次，几乎全新。试穿都没有，适合秋冬有兴趣的朋友可以私聊我哦～线球猫原创lolita企鹅雪宝jsk柄图连衣裙洛丽塔可爱洋装lo裙带购物记录  ,230   ,link: ,https://www.goofish.com/item?id=909540116971&categoryId=126860305
时之神殿全套洛丽塔M码 几乎全新 仅试穿过 【款式】衬衫+黑色半裙+裙衬+披肩+蝴蝶结 【尺码】M码 【成色】几乎全新 【出售状态】现货 急出，介意勿扰 感兴趣的话点"我想要"和我私聊吧～  ,180   ,link: ,https://www.goofish.com/item?id=907554341884&categoryId=126860305
花鸟系列-蓝鸟JSK轻lo平价日常cla系梦鲸原创lolit a，长款m码，几乎全新试穿过  ,180   ,link: ,https://www.goofish.com/item?id=909411288797&categoryId=201509401
出太炎兽Lolita，穿过一次，有金锁，有披帛，裙子有一个吊 穗掉了一个，在衣柜闲置了，所以便宜出掉 可发细节图，喜欢来咨询 二手物品售出不退不换（不刀）  ,185   ,link: ,https://www.goofish.com/item?id=909791844170&categoryId=126860305
【包邮出】未知星辰原创巧克力工坊op lolita日常短袖连 衣裙春夏s码短款，穿二洗一，九成新，配件齐全，很萌的小裙子借tag致歉:榛果可可你别睡别睡在望Alicegirl仲夏物语占星猫天使街道猪猪柄告白气球渔老板家婴梵塔摇滚猫小奶糕小奶牛摇篮曲古董人偶熊之To Alice 安妮的早餐 梵高的来信 樱花草莓 腐烂草莓 蜜桃草莓 小红帽 with噗叽 魔法裙子猫 套娃 太炎兽 芙拉小姐 斑点狗 虎斑猫 瑞本兔 新年兔 摇滚猫 爱丽丝姐姐 爱丽丝妹妹 有点圆 绵羊泡芙  ,198   ,link: ,https://www.goofish.com/item?id=909271632612&categoryId=201509401
卡米丽娅蓝色M码全新洛丽塔裙，如图带模特图bant+边夹 仅穿一  ,252   ,link: ,https://www.goofish.com/item?id=909302888138&categoryId=126860305
月神物语lolita 艾丽莎的天鹅堡jsk 雾霾色m码 状态好蕾丝没有泛黄 只穿过一次一直挂衣柜 可直拍 二手物品不退不换 xd 退坑出 过气萌款 江浙沪包邮 其他邮费对半  ,135   ,link: ,https://www.goofish.com/item?id=909467808234&categoryId=201509401
清衣柜大刀出 希尔芙密语生成色长款m码，最早那团的，放久了有轻微发黄，应该能洗掉裙子＋双色腰带＋绿色珍珠腰带＋两个胸针（还是边夹）＋珍珠项链周末发货  ,150   ,link: ,https://www.goofish.com/item?id=909512981490&categoryId=126860305
NyaNya夏日林檎SK lolita原创图片色M码SK 微起球肉眼不太明显，送一件衬衣 收来的码数对我有点大，手缝了下可以拆掉哈  ,168   ,link: ,https://www.goofish.com/item?id=909918720902&categoryId=201509401
【出】时光之歌第一章 兔兔与咩咩日常优雅学院秋冬OP洋装lo lita洛丽塔现货 黑色S码4点，op+假领+贝雷帽+边夹 8-9新 有一定穿着感 料子很厚实，自己配个方形修女领也很不错 占空间了随意出出 包邮包手续费  ,135   ,link: ,https://www.goofish.com/item?id=857825236492&categoryId=201509401
出立刻和我恋爱家的花苞裙仅试穿吊牌防盗扣还在不包邮不包sxf 粉色款 感兴趣的话点“我想要”和我私聊吧～  ,138   ,link: ,https://www.goofish.com/item?id=907783983596&categoryId=126860305
原创玩具周年lolita裙JSK背带核桃博物馆 全新玩具周年lolita背带裙JSK，全新背带裙背带➕腰带 送蝴蝶结 内搭+40现货直发，诚心要的联系  ,150   ,link: ,https://www.goofish.com/item?id=908560567906&categoryId=126860305
原创设计渔老板家加冕大年初一晚八点再贩金色黑色，想好再拍。金 色，S(感觉比正常码小点 因为很厚实) 大全套 头纱➕裙子➕内搭 不包邮和sxf 急出 有点瑕疵 可以私信 拍前指哪儿拍哪儿 拍后不退不换  ,135   ,link: ,https://www.goofish.com/item?id=908776788068&categoryId=126860305
清衣柜，标价不议价，包邮包手续费 古早裙子默认五新，不退不换 虎斑猫切替 只有裙子加手袋  ,130   ,link: ,https://www.goofish.com/item?id=908831446137&categoryId=126860305
【恶之花】WP原创设计哥特玫瑰刺绣镂空上衣不规则下裙套装lo lita 就是运动会穿了一次哦 可以送裙撑和小配饰 可租❗️❗️❗️❗️❗️❗️  ,149   ,link: ,https://www.goofish.com/item?id=908918514309&categoryId=126860305
柴呼呼原创设计 原创款【小萌熊】柴呼呼连衣裙轻松熊背带裙生日礼物少萝萌妹甜大全套，穿一背带裤➕熊耳帽子➕衬衫衬衫均码，背带裤大码对于我来说有点短了，适合小个子妹妹  ,135   ,link: ,https://www.goofish.com/item?id=904852604093&categoryId=126860305
线球猫Lolita 小森林 jsk托胸 长款 s码 仅裙子！！没有内搭！穿一洗一 拆下的吊牌还在不议价 爽快非偏远包邮  ,208   ,link: ,https://www.goofish.com/item?id=908303069561&categoryId=126860305
塔莉亚lolita小黄油 单裙子 前娘穿一洗一我穿一洗一 有瑕疵是裙子下面丝带挂到了 已经修复好 丝带质量问题打几次就会皱 有四个小蝴蝶结 不包邮邮费多退少补  ,228   ,link: ,https://www.goofish.com/item?id=908718370284&categoryId=126860305
Nyanya菠萝派对 菠萝格 L码穿洗过 无瑕疵无污渍 一直放袋子里面很久了皱了 可以私我看图 需要自己打理 介意勿拍  ,250   ,link: ,https://www.goofish.com/item?id=909039662448&categoryId=201509401
出韩菇凉恋与心悸M码➕内搭 裙子与内搭只试穿拍照 没有穿出去 过 几乎全新 有吊牌无飞机盒 有意的宝宝私我 可以给宝宝拍细节图 已经最低价了哦不可刀哦 脾气好随便问 邮费需宝宝自理 爽快的宝宝半包  ,188   ,link: ,https://www.goofish.com/item?id=908241138141&categoryId=126860305
小欣原创设计，羽翼降临S码，蓝白色洛丽塔连衣裙。只穿过一次拍 照，无瑕疵，有背后蝴蝶结。全新状态，包邮 有一双自搭的lo鞋 可+60打包带走 鞋子很新短穿半小时拍照 优先考虑打包  ,210   ,link: ,https://www.goofish.com/item?id=908513783402&categoryId=126860305
渔老板家的祈愿，穿一洗一，裙子➕手袖➕后背蝴蝶结，另送发带 感兴趣的话点“我想要”和我私聊吧～  ,140   ,link: ,https://www.goofish.com/item?id=907865430667&categoryId=126860305
【包邮】Little Plum梅子洋装勿忘我Lolita蓝色 S码背心裙，有领结+腰带无胸针，腰带一小处颜色较浅穿二洗三。送一个全新30cm日常蓬度裙撑，偏远补邮，不议价谢谢。★标价200，需带走主页缎面蓝裙91.99，可送一双35码lo鞋，下雨爬山已清理，穿着痕迹明显，袋装发★出价220，需带走空栗鼠丸jk长袖衬衫31.99r 第二颗扣眼轻微脱线★单出230，以上优惠价都是和列表一起购买，比较想和列表清出，单买联系我改价  ,200   ,link: ,https://www.goofish.com/item?id=909418345937&categoryId=201509401
少女的永无岛原创 艾丽娅 Lolita复古欧式优雅cla系长 袖op连衣裙 包邮非偏 L码 仅穿过一次，穿完已经洗了 东西在家里周末发 本人深陷172/56  ,130   ,link: ,https://www.goofish.com/item?id=908736714126&categoryId=126860305
AH天使之心胡桃夹子jsk s码 前娘告知瑕疵是拉链处的风纪 扣不见了 可实拍 买来穿了一次  ,161   ,link: ,https://www.goofish.com/item?id=909082522460&categoryId=201509401
出独角兽之翼家的太炎兽烟灰紫jsk单裙子2码，小物只有裙子自 带的金锁和店家赠送的替换扣子和配件，赠送喵君家的一件同色内搭开衫，买来穿二洗二。  ,193   ,link: ,https://www.goofish.com/item?id=909495880718&categoryId=201509401
Lolita内搭姬袖纯白色 室内暖光拍出来有一点点色差 到货后仅试穿一次 当时深夜激情下单 到货发现没有可以搭配的裙子 一直放在衣柜 袖子上蝴蝶结可拆卸 没有一点污渍 可刀  ,130   ,link: ,https://www.goofish.com/item?id=909929932587&categoryId=126860305
霜糖甜心jsk姐姐款L码有背后大蝴蝶结侧边扣子掉了一个 下摆 轻微勾线不影响看不出来 送柴呼呼家的这个什么裙子忘了 没回可直拍  ,150   ,link: ,https://www.goofish.com/item?id=907465435254&categoryId=126860305
（急出！！！）天使街道op反光 状态一般目测袖子上有一处小勾丝，扣子处有几处小勾丝。胸前蝴蝶结剩了一个。这么便宜肯定有瑕疵啦～不过不影响正常拍照和穿着～下单后指哪拍哪，售出不退不换哦～爽快塞一堆小礼物！！！  ,150   ,link: ,https://www.goofish.com/item?id=908769035531&categoryId=201509401
【标价直出】摘星魔法lolita蓝日辰zuo jsk m码 短款 带防尘袋衣架 爽快送内搭 标价出 不包邮 收前娘的 默认微瑕  ,169   ,link: ,https://www.goofish.com/item?id=889124399778&categoryId=201509401
【出】花鸟系列-蓝鸟JSK轻lo平价日常cla系梦鲸原创lo lita 蓝鸟jsk 长款 m码 仅试穿下水  ,170   ,link: ,https://www.goofish.com/item?id=909873408067&categoryId=201509401
泡泡陷阱×豹了个猫联名Lolita园游会双子星背带原创仿牛仔 呲甜亚文化fs大全套lo裙 全网最低价，拍下当天可发 园游会双子星，背带款，m码，fs大全套，包括裙子本体+kc发箍+腿套一对+背后蝴蝶结拖尾+星星边夹×11，需要绶带可+29r加购，带走绶带包邮。星星边夹的大小不一，基本都是对...  ,199   ,link: ,https://www.goofish.com/item?id=907899688244&categoryId=201509401
【便宜出】心动玩偶家条纹千层黑op l码正品，单裙子，状态穿一洗二 领口和腰带有染色，商家没做固色，黑色通病 腰带上不小心沾上一点油 需要自己清洗 确定要再来问/看实物图 直接拍包sxf包邮 有吊牌，没有飞机盒 二手物品默认微瑕不退不换不要到手刀 默认有更多瑕疵，不买别问不...  ,210   ,link: ,https://www.goofish.com/item?id=909925968329&categoryId=126860305
【现货】豹了个猫原创~lolita守护圣歌OP长袖连衣裙 送 发带 吊牌在 穿一洗一  ,150   ,link: ,https://www.goofish.com/item?id=674354211833&categoryId=126860581
标价非偏远包邮预出m码粉色【缔结恋羽】韩菇凉~原创设计Lol ita洋装doll感花嫁jsk吊带连衣裙  ,169   ,link: ,https://www.goofish.com/item?id=908414531317&categoryId=201509401
裙子s 内搭m官配 自配了一对兔耳 穿一洗一 二手商品不退不换感兴趣的话点“我想要”和我私聊吧～  ,235   ,link: ,https://www.goofish.com/item?id=909815225776&categoryId=126860305
小黄油lolita 星绶天使大全套L码 裙子+绶带+大蝴蝶结+bnt 状态很好 穿过一次 邮费默认8块  ,170   ,link: ,https://www.goofish.com/item?id=908293687397&categoryId=126860305
小欣原创羽翼降临jsk 芭蕾风纯欲甜美优雅小羽毛清新loli ta连衣裙 蓝色S码，穿一洗一，水洗的羽毛没有那么蓬了，其他状态都很好，没有脏污破损。有尸吊。出去旅游了，五月初发货。预订标价包邮 [红圆]不议价，出去旅游了现在拍不了实图！！！！！！！！发货前会发实图。  ,200   ,link: ,https://www.goofish.com/item?id=908852280038&categoryId=201509401
【出】星未眠Lolita 落日维纳斯成品色 s码现货带花丸和拖尾(其他小配件都没有），仅试穿过，吊牌盒子还在有跟前娘的换物记录，标价可直拍包非偏，爽快送粉色丝带(P2画圈，P2非裙子本体裙子本体是P1)  ,210   ,link: ,https://www.goofish.com/item?id=907185665284&categoryId=126860305
芙蝶之心Lolita蓝色挂脖 从别人那里收来的拍照穿了一下看清楚再拍不嫌弃的来 小物齐全  ,145   ,link: ,https://www.goofish.com/item?id=908345898354&categoryId=201509401
【出】幻之风 lolita 牧羊少女 op 长款 灰色 m码的，压箱底太久了，出售不退 会塞小礼物或者衣服  ,149   ,link: ,https://www.goofish.com/item?id=908914861776&categoryId=201509401
【包邮出】Alice girl原创新款 Lolita芷间花 蝴蝶结荷叶黑色款 包含：jsk＋小坎肩 （黑色款） 需要p1头饰＋40 私我改价格 可直拍  ,170   ,link: ,https://www.goofish.com/item?id=908579789018&categoryId=201509401
#lolita花甜兔梦M，豹了个猫家的，只穿过一次，穿一洗一 ，有购买记录  ,190   ,link: ,https://www.goofish.com/item?id=909230494090&categoryId=201509401
【包邮出】西瓜气泡水lolita 有点巧op s码 裙子+胸口蝴蝶结+拖尾蝴蝶结+裙摆蝴蝶结(无围裙) 第一次洗泡了太久有染色 腰部有刮蹭，有战损飞机盒，吊尸需要找找 可私信给实物图  ,218   ,link: ,https://www.goofish.com/item?id=909129036404&categoryId=201509401
【出】Lolita洛丽塔Bramble Rose荆棘玫瑰原创 设计 Little rose小玫瑰jsk，有手袖有发带 m码，拍下不退不换。 穿过两次  ,220   ,link: ,https://www.goofish.com/item?id=908570757765&categoryId=201509401
夏时蝶lolita 仲夏夜julynight 米色原版s码单裙子穿1飞机盒衣架质检报告那些都在三句话内包邮包手续费不急出不刀 刀不回  ,328   ,link: ,https://www.goofish.com/item?id=909942436622&categoryId=126860305
埃特勒塔 在草莓种植园里野餐 红色jsk，s码，背后是扣子款 ，有两款腰带，应该有吊尸要找找，标价包邮直出，拍下可以看实物视频  ,210   ,link: ,https://www.goofish.com/item?id=909293058528&categoryId=201509401
【出】原创设计 格纹百利甜lolita古早感lo裙doll感 洛丽塔jsk连衣裙吊带状态完好有边夹，无发带穿一未洗s码，非偏包邮不包sxf标价含zz无飞机盒和原袋还在完整发出次元优惠请勿直拍，下单前请联系我关掉  ,236   ,link: ,https://www.goofish.com/item?id=908254077598&categoryId=126860305
MUMU 爱丽丝 罩裙+三角围裙 米色 158打包出 仅在家中搭配试穿，清衣柜，出  ,158   ,link: ,https://www.goofish.com/item?id=909463277535&categoryId=126860305
➗韩菇凉 缔结恋羽粉色 l码 单jsk没有内搭全新仅试穿，未下水，状态很好可＋20加购发饰带发饰走包邮偏远要补邮  ,150   ,link: ,https://www.goofish.com/item?id=908892681219&categoryId=201509401
CuteQ【小海军】短袖OP日常春夏轻lolita 白×红绀 L码去海边穿过一次/穿一洗一/先看看能换到什么过生日闺蜜送的/杭州湖滨实体店购入自穿p2  ,200   ,link: ,https://www.goofish.com/item?id=909445525957&categoryId=126860581
奶油玩偶洛丽塔熊熊野餐会jsk，全新m码，正反两穿设计，超可 爱！全新仅试穿，有包装盒和吊牌，有购买记录，无瑕疵但剪了吊牌。非偏远地区姐妹可以包邮哦～退圈出，有兴趣的快来联系我吧，可以拍细节图或视频～  ,168   ,link: ,https://www.goofish.com/item?id=909933132434&categoryId=201509401
【实拍可直拍】月神物语Lolita 艾丽莎的天鹅堡 sax色 全新带吊 M码 背带 有星星罩纱 实拍可直拍 包u包sxf  ,130   ,link: ,https://www.goofish.com/item?id=907628993349&categoryId=201509401
星授天使 小黄油家的穿过两次 也可查购买记录绶带有 在家 裙子在学校 拍下送一个美乐蒂的背包 （全新）➕jk一条s码  ,150   ,link: ,https://www.goofish.com/item?id=817425599510&categoryId=201509401
古董星愿温蒂的衣橱Lolita，定金S码低腰OP+直筒接袖+ 绶带set  ,151   ,link: ,https://www.goofish.com/item?id=908931899629&categoryId=126860305
lizlisa洗澡兔子花柄裙 有吊尸 前娘穿一洗一 我沒穿借tag 地偶界隈 原创地雷系量产型蝴蝶结半裙 日系亚文化蕾丝百褶裙 地雷系 量产型 水色 原宿 dimmoire ilili イルイルイル reflem travas tokyo LIZLISA secrethoney ank rouge noemie chloma rojita kryclothing mars anonenone 彗色予報 天使界隈 梦展望Mars secret honey rojita Avril ankrouge evelyn honey cinnamon lizlisa jamie noemie bubbles eatme amavel acdcrag sc套装  ,250   ,link: ,https://www.goofish.com/item?id=909071402677&categoryId=126860305
韩菇凉洛丽塔【宝石之冕】韩菇凉~原创设计Lolita洋装do ll感jsk吊带连衣裙夏季，等到货试一出，单jsK  ,210   ,link: ,https://www.goofish.com/item?id=908249195732&categoryId=201509401
现货掉落小蔷薇万能搭配Lolita优雅华丽呱唧原创设lo裙花 嫁长款呱唧家小蔷薇长款拖地花嫁婚纱平价花嫁成人礼礼服演讲主持人裙子生日会出呱唧家小蔷薇长款单裙子，就是裙子主体+腰部俩蝴蝶结+胸口蝴蝶结。S码状态一般算大瑕，就拖地裙摆有点脏，腰封轻微染色(手洗实在没避免，靠近腰封处的蕾丝染粉，不是特别明显)，拖地有一块开裂。内衬是干净的，除拖地裙摆外，外表都看起来也是干净的裙子很重好几斤不包邮，送防尘袋送衣架，+10送裙撑二手物品不退不换不包不刀，拍前请考虑清楚  ,160   ,link: ,https://www.goofish.com/item?id=909052522714&categoryId=126860305
出噗叽家轻地雷系裙子，黑白款，s码 【Doki！op】withpuji原创设计甜酷荷叶摆op双子lolita穿一洗一，送图二自搭项链和蝴蝶结，默认有穿着痕迹，不接受到手刀确定要了再联系我半包邮，运费统一6r  ,140   ,link: ,https://www.goofish.com/item?id=909370710218&categoryId=126860305
【出 恋与心悸】 【恋与心悸】韩菇凉~原创设计Lolita洋 装doll感jsk吊带连衣裙春季 l码 穿一洗一 有吊牌 飞机盒也都在 有同色发带需要的话+12r 也有自搭内搭+62r 包u 拍下就可以发货。。 如果需要还有罗马卷假发 +60r 糖音假发4.0新工艺虎口夹lolita短发新款女日常网红...  ,200   ,link: ,https://www.goofish.com/item?id=909487589103&categoryId=126860305
昭和遗梦op 昭和感海军风 白色m码 二十七原创设计lolita 我是二手收的，到你手就是三手 我是因为手臂太粗肩宽，穿着显肩更宽才出的，腰确实显得很细，衣服也很貌美 还有就是，刚到手就发现没钱了，买谷太多了，只能无奈出掉回血 哦，对了，只到手试穿过一次，还是隔着衬裙  ,144   ,link: ,https://www.goofish.com/item?id=908070420069&categoryId=201509401
【出】国风少女星黛 s码 全新带吊牌 标价不包邮 保正 只有裙子没有两边蝴蝶结 版型超好的裙子  ,160   ,link: ,https://www.goofish.com/item?id=907860537174&categoryId=126860305
核桃博物馆原创设计Lolita裙子，玩具周年款，奶白JSK S码，（裙子➕腰带➕兔子尾巴）。下单即送白糖少女内搭，特别萌！邮费半包，爽快的宝宝送小礼物！裙子成色很好，有购买记录。售出不退不换，偏远地区不包邮。  ,180   ,link: ,https://www.goofish.com/item?id=909324500740&categoryId=126860305
标价叠邮出很叮话家的莓好时光Lolita大全套jsk+bnt +接袖，前娘收来的，我没有穿过，前娘寄过来什么样就什么样，老婆们看图可以找窝，我已经洗干净了，不包手续费，没有吊牌了列表任意两件可小刀包邮  ,230   ,link: ,https://www.goofish.com/item?id=908973716454&categoryId=201509401
【出】MoonShaow复古洋装lolita孤儿怨JSK 二 团 均码 op与赠品们均仅穿一次 未下水 一直放衣柜收藏 因为放了很久 发出去之前会洗香香 送官配内搭 JoliePissenlit猫与蒲公英家 森物语 s码（p1p2）➕黑白发带（p3）➕自配蝴蝶结（p2）➕哼唧家绝版假发樱绛（p4）#Lolita  ,209   ,link: ,https://www.goofish.com/item?id=908523941708&categoryId=201509401
xd价白菜价lolita茜茜公主jsk绀色s码 大全套穿一洗一，送找得到的全套配饰（蝴蝶结珠链罩纱胸针袖套等等）  ,149   ,link: ,https://www.goofish.com/item?id=908411623758&categoryId=201509401
【一团尾款】纯爱赠礼 梦游胖丁原创lolita生日小偶像 o 乳白色，超美短袖层层蓬蓬裙，适合生日或特别场合穿！有喜欢的妹妹吗？带一只小熊一起回家～ 有意向的快联系我哦！支持售后～  ,200   ,link: ,https://www.goofish.com/item?id=908855242421&categoryId=126860305
【出】炭团繁花秘境衬裙，白色，均码。 lolita 吊牌已剪，未穿出门，全款169，自刀149包邮包手续费出，主要没裙子配。 没有飞机盒，用袋子装。  ,149   ,link: ,https://www.goofish.com/item?id=908732527595&categoryId=126860305
带内搭豹了个猫悦龙诗韵LolitaxL 豹了个猫悦龙诗韵Lolita+内搭，XL码，原价360+128，买来只出展穿了一次，隔着紧身衣穿的所以衣服很干净，标价包邮非偏远，可小刀参考数据：本人166 48kg，腰围78，这个裙子腰围85以下也可以穿  ,210   ,link: ,https://www.goofish.com/item?id=909203978433&categoryId=126860305
小黄油lolita 星绶天使大全套s码 裙子+绶带+大蝴蝶结 仅试穿 可以拍照看细节  ,180   ,link: ,https://www.goofish.com/item?id=909493325361&categoryId=126860305
出塔莉亚 包邮包邮包邮!! op款 前几天刚收的，没什么瑕疵，送搭配头饰 送衣架 感兴趣的话点“我想要”和我私聊吧～  ,210   ,link: ,https://www.goofish.com/item?id=907600553561&categoryId=201509401
【和风爱丽丝:小春日和op】withpuji原创设计 lol ita洋装宽松春季 L码只室内穿过一次 未下水 有腰带和蝴蝶结一直放在防尘袋中 几乎全新➕15 出同色系兔耳发带包邮出  ,140   ,link: ,https://www.goofish.com/item?id=907501390142&categoryId=126860305
出全套琉璃城堡家五团第一批威廉小姐中长款长袖s码穿1未出汗仅 下午过了生日，洗了上半身全部，领子认真清洗过，裙摆用湿纸巾擦拭干净 无褪色 有腰带吊尸无瑕和全新一样 所有小物都在送自己买的帽子 爽快包  ,248   ,link: ,https://www.goofish.com/item?id=907274127330&categoryId=201509401
出洋娃娃和小熊跳舞背带 单裙子从前娘那收回来后穿了一次 私我 看状态 能接受再拍 默认微瑕 发货快 拍下后不退不换 lolita  ,149   ,link: ,https://www.goofish.com/item?id=903334013075&categoryId=126860305
【标价包邮出】little butter小黄油家的星授天使裙 子+绶带+蝴蝶结 粉色L码 全新仅试穿 吊牌未拆 裙子目前不在身边 预计在4月20号发货  ,188   ,link: ,https://www.goofish.com/item?id=906530219289&categoryId=126860305
出一条手作lolita裙红白配色 s码，米色姬袖衬衫+裙子 直拍包邮  ,160   ,link: ,https://www.goofish.com/item?id=909936668276&categoryId=126860305
八月乙女Lolita紫色姜饼屋背带甜系呲甜洛丽塔粉紫色渐变甜 呲lo日常lo裙jk店穿过一次一直保存的挺好的，便宜卖了，要搬家了有一个kc小物哈  ,210   ,link: ,https://www.goofish.com/item?id=909264274160&categoryId=126860305
【出】原价268飞行日记呜呼公主裙花嫁原创Lolita 【含】裙子本体 拖尾 两个边夹 100厘米裙撑 无盒 【几乎全新】仅试穿过一次 【尺码】M码 本人身高165 体重94斤穿合适 建议110斤以内穿 肩宽的宝宝裙子腰部那里不是很好套进去 【❗️】四月十五号前出 不包邮  ,149   ,link: ,https://www.goofish.com/item?id=898467083150&categoryId=126860305
派对兔子背带猫芮可lolita原创设计可爱日常连衣裙洛丽塔 【品牌】:猫芮可Mewroco【尺码】:S【成色】:几乎全新，穿过几次，保存比较好，没有肉眼可见的瑕疵【配置】:背带+绶带 送边夹一对【售后】:只出不换，正，可要购买记录【备注】:二手物品，非全新，不退不换哈爽快非偏远包邮划重点：1～裙子S码，可爱甜lo2～有需要的朋友点右下角“我想要”咨询下单3～能拍下就有货，按下单顺序发  ,160   ,link: ,https://www.goofish.com/item?id=909276486867&categoryId=126860305
熊逗酱狙击甜心黑粉S码lolita裙，小物全新未拆，裙体状态 很好。拍下送裙撑，只出不换。直拍不包手续费只包邮，物品齐全，拍下就发货。不刀不议价，四月15号没人收就自留了。  ,130   ,link: ,https://www.goofish.com/item?id=908838093205&categoryId=126860305
FlowerFairyDaily 黑鸢尾 lolita背带 sk半裙裙子是长款，全新吊牌在，因搬家而清空衣柜  ,209   ,link: ,https://www.goofish.com/item?id=909210414979&categoryId=201509401
初恋礼赞细闪蝴蝶大蝴蝶结公主风生日蛋糕裙飞行日记原创Loli ta 无颈饰项链 仅试穿 无售后不退不换  ,199   ,link: ,https://www.goofish.com/item?id=896791135260&categoryId=201509401
高定如心缎带舞曲l码前娘穿过一次，收到后仅穿1，不能当天确认 收货的别拍，邮费顺丰到付，260多收的已自刀拒绝任何刀，已读不回直接拉黑，ysg远离我，只有裙子没有上衣没有上衣只有裙子只有裙子  ,236   ,link: ,https://www.goofish.com/item?id=908653979930&categoryId=126860305
好梦咩咩++甜品+偏正腰JSK+原创薄巧印花+甜美Lolit a设计+连衣裙有官配蝴蝶结kc还有发圈✖️2 有飞机盒和吊s收到不合适出 可以排 前娘穿一洗一三句话内半包邮 其余不包 sxf邮费转账拍下不退换 拒绝任何理由的到手刀  ,150   ,link: ,https://www.goofish.com/item?id=909848045732&categoryId=126860305
出全新余生维纳斯女神Lolita s码齐地款，原价386购入 ，有购买记录。穿一洗一，吊无吊牌。到货不喜出，爽快当天收货返邮半包邮。杏色，有披肩、项链、拖尾和背后蝴蝶结 （小配饰在裙上）。送裙撑!送裙撑!送裙撑!还可能会随机掉落小礼物（如裙子配饰）（给我备注属性的话可以掉落你喜欢的其他小物）适合成人礼或特别场合。有意向的宝宝们可以直接联系我哦～（四月底五月才能发货）  ,250   ,link: ,https://www.goofish.com/item?id=904648086423&categoryId=126860305
【AH天使之心】原创洛丽塔胡桃夹子幻想夜系列蝴蝶结JSK背带 圣诞配色，绀红背带，S码 短穿2洗2，上身不超3小时，状态很好 尺码表等如图，状态如图如视频可见。 工作原因基本无法再穿裙，淡坑清衣柜了。 爽快交易送内搭，先拍先得（首页小花园） 非常圣诞节的一条裙子，背带也不太有胸围限制，有缘的...  ,200   ,link: ,https://www.goofish.com/item?id=844766047764&categoryId=201509401
出cr家瑞本兔蓝色op 原版 s码 全新带吊牌无瑕疵 单裙子无小物 有胸前蝴蝶结 有飞机盒衣架防尘袋 东西齐全 标价大刀出可直拍 不包邮手续费转账 确定要可以找我要实物图 三句话内半包  ,248   ,link: ,https://www.goofish.com/item?id=908174979964&categoryId=126860305
【塔莉】蓝黑色 l码 小物如图 有大小腰带各一个，大小蝴蝶结各三个 裙摆后面有一个蝴蝶结散开了 无吊牌 标价可以直接拍 不包任何 邮费走转账 列表两件带走-10r  ,159   ,link: ,https://www.goofish.com/item?id=904409947715&categoryId=126860305
包邮出小欣原创设计 甜蜜暴击lolita s码 有刺绣 黑粉色 裙子+腰封+两个接袖 可长袖可短袖 有发包 仅外出拍照一次，但挂在家里太久了有瑕疵 瑕疵：领子和袖子纽扣上的珠子  ,208   ,link: ,https://www.goofish.com/item?id=908471018969&categoryId=126860305
标价包邮出玩具周年jsk Lolita s码单裙 没有腰带 只有裙子 其他都没有 状态如图 内衬有一处瑕污渍 外面看不出来 应该洗洗就掉了不小心蹭到上面了 不换不换不换任何东西 不包手续费请转账不走手续费就直接转账走物流信息 已自刀 不接受砍价 包邮不包偏远地区偏远需补邮 只包首重 ...  ,162   ,link: ,https://www.goofish.com/item?id=909320885324&categoryId=201509401
韩菇凉家【缔结恋羽】白色m码152 要姬袖+66要bnt+46《可单卖》 全部打包可送一条M码粉色长袖水手服 以上全部只穿出去过一次，（拍照）  ,250   ,link: ,https://www.goofish.com/item?id=907954135220&categoryId=201509401
【全套】米多Lolita初恋小熊少女小偶像感薄巧杏粉小熊主题 轻纯欲蓬蓬裙 带飞机盒 s码 仅拍摄一次 小熊胸针➕小熊发ku➕小熊包包➕裙子 注意店铺最后一张图片 300多买的  ,220   ,link: ,https://www.goofish.com/item?id=908579507804&categoryId=126860305
【恋与心悸】韩菇凉 原创设计Lolita洋装华丽花嫁jsk+ 尾翼+飞机盒 仅拍照穿了一次 s码 想要的宝宝找我 包邮  ,168   ,link: ,https://www.goofish.com/item?id=906518273251&categoryId=201509401
小女仆山楂浆果原创古早女仆裙优雅Lolita 有op+围裙+接袖+发饰。包邮  ,146   ,link: ,https://www.goofish.com/item?id=908996415644&categoryId=201509401
花筵Lolita 反叛日记 黑灰挺古早的款了，标发黄，但是裙子没看到什么瑕疵送一个帽子和一个m的半身裙.  ,220   ,link: ,https://www.goofish.com/item?id=909813201551&categoryId=126860305
芙蝶之心Lolita单件jsk 送蝴蝶结 拖尾 玫瑰花～ 感兴趣的话点“我想要”和我私聊吧～  ,150   ,link: ,https://www.goofish.com/item?id=908629906771&categoryId=201509401
出线球猫薄荷少女L码lolita，穿一仅裙子本体送小礼物 感兴趣的话点“我想要”和我私聊吧～  ,135   ,link: ,https://www.goofish.com/item?id=906068326126&categoryId=126860305
【爽快包邮】白晚安op 国牌原创Lolita古典神圣可爱洛丽 塔doll感提花棉S码短款 买来仅拍照一次洗干净出 二手默认微瑕不退不换  ,199   ,link: ,https://www.goofish.com/item?id=908767135101&categoryId=201509401
少女梦贩售屋 [封存玫瑰岛] 裙子本体+胸前蝴蝶结+裙边小蝴蝶+头箍+背后大蝴蝶结+尾拖+手袖生成色 S码试穿过一次不包邮图片中就是实物状态，可直拍一经售出不退不换，禁止手刀  ,130   ,link: ,https://www.goofish.com/item?id=901958143249&categoryId=126860305
急出全新【罗马假日 op】withpuji原创设计假两件长袖 大摆连衣裙春lolita。试穿过一次，没有水洗，吊牌没有拆，可小刀，可以直接私我看细节。全新有赠品，离得近可以找我直接拿  ,190   ,link: ,https://www.goofish.com/item?id=906531269499&categoryId=126860305
【晨曦与朝露】原创绀碧之泪小美人鱼慢团洛丽塔，回血急出！l码 ，长款设计，收前娘的，我一次没穿，喜欢的姐妹快来看看哦～ 带KC拖尾  ,170   ,link: ,https://www.goofish.com/item?id=909639292392&categoryId=126860305
独奏人偶银月BulingMoon原创设计lolita黑白系O P连衣裙 带吊牌，定金卡，衣架，防尘套，领结，项链，背后蝴蝶结，非常新仅试穿 非偏远包邮  ,235   ,link: ,https://www.goofish.com/item?id=909209412521&categoryId=126860305
出【星之恋曲】韩菇凉~ 原创设计Lolita洋装doll感 花嫁粉色jsk吊带连衣裙 无拖尾，穿一洗一 确定要了在问o老婆萌，实物图很好看  ,175   ,link: ,https://www.goofish.com/item?id=909704500630&categoryId=126860305
告白气球家lolita爱丽丝的梦缩褶裙 s码蓝色无腰带版 有围裙 没有瑕疵 可能微皱买来只穿了一次之后一直挂衣柜里了不在身边 得月末才能发货 保正暂时没有实物图 等月末更新 图源红薯  ,185   ,link: ,https://www.goofish.com/item?id=905297073825&categoryId=126860305
【实体店现货】小芙蝶心动玩偶 Lolita原创少女芭蕾风洛丽 塔连衣裙jsk吊带粉色蛋糕公主裙生日礼服 全新带吊牌/飞机盒（大全套） 标价包括：jsk裙子➕礼帽➕项链➕蝴蝶结大拖尾 码数齐 S（76-86斤） M（86-106斤） L（106-126斤） XL（126-136斤） XXL（136斤...  ,178   ,link: ,https://www.goofish.com/item?id=908574199204&categoryId=126860305
占星猫op黑色s码 状态很好 实物图已更新 状态如图可直拍 长短不清楚 福袋购入列表有转包 爽快包邮肉眼无暇 默认微瑕  ,230   ,link: ,https://www.goofish.com/item?id=909431772211&categoryId=201509401
少女花园lolita 粉蓝提花春日风甜妹公主桔梗lolita house原创#Lolita #lolita裙 【实体店全新现货包邮】 欢迎各位小公主光临小店～ 有喜欢的都可以联系小客服咨询下单哦～ 店主希望进店的宝宝都能买到喜欢的裙裙 配飞机盒～ #春日出游必备 【码数】S M L ...  ,198   ,link: ,https://www.goofish.com/item?id=857803592975&categoryId=201509401
【实体店出现货】喵果森森原创设计【一条小女仆】女仆装 （套餐价格不一样的 拍下不付款 dd客服改价）（改完价在付款哦）尺码可选：smlxl拍下当天发走（最晚24小时内发货）现货现发原创正品 全新原包装未拆封发货 包邮短款：短款op199 短款op➕围裙229短款op➕接袖 229 短款op➕接袖➕围裙259长款：长款op259 长款op➕围裙299长款op➕接袖 299长款op➕接袖➕围裙329小物可加购头纱59发箍45可直拍 需要的宝宝 全新包邮原创正品  ,199   ,link: ,https://www.goofish.com/item?id=908750767679&categoryId=126860305
豹了个猫lolita机工师FS大全套L码， 小领带、上衣、背心、裙子、腿套、腰带、腰包都在  ,160   ,link: ,https://www.goofish.com/item?id=900685964827&categoryId=126860305
小欣原创甜蜜暴击op中华风旗袍改良甜辣风亚比风辣妹lolit a连衣裙l码黑粉色黑粉色裙子（有刺绣版）➕腰封➕自己买的发包鞋子要的话➕75只穿过一次  ,225   ,link: ,https://www.goofish.com/item?id=907102685291&categoryId=126860305
实体店 暂时无货 等待补货 山楂浆果Lolita正品实体店薄巧芙芙新年可爱薄荷巧克力狗短蓬蓬裙 注意：有货可直拍 拍完发我尺码就行 周六日不发货！ 保正保正 实体店不卖山 尺码：s m l xl ，具体尺码在后面几张图 颜色：巧克力棕、薄荷色...  ,269   ,link: ,https://www.goofish.com/item?id=898758351476&categoryId=126860305
【大全套】虎斑猫蓝背带 背带➕围裙➕手袋➕官配猫耳发带四点s码标价直接出，不包邮默认微瑕  ,250   ,link: ,https://www.goofish.com/item?id=910008036845&categoryId=126860305
【全款掉落】*兔子芭蕾*婴儿蓝原创Lolita复古doll感 OP连衣裙酒红短款op➕接袖➕酒红兔耳发带 尺码L码已穿一次默认微瑕不退不换 不包邮原盒搬家扔掉了 会拿新的其他盒装 介意勿拍  ,240   ,link: ,https://www.goofish.com/item?id=906731575796&categoryId=126860305
包邮预出L码蓝色【椿樱序曲】韩菇凉~原创设计Lolita洋装 甜美jsk吊带连衣裙女夏天到货拍完照穿一洗一出要发带的+10r（可不要）只要jsk单裙子160r要jsk裙子+发带170r介意别来  ,165   ,link: ,https://www.goofish.com/item?id=909577981089&categoryId=201509401
春侣Lolita只穿过一次 已洗干净 超级好看的牛仔奶牛洛丽塔裙 闲置裙 骨折出 含裙子 皮带 腿套 蝴蝶结 三角巾 奶牛派对超短裙牛仔辣妹裙可爱双子春侣Lolita原创  ,188   ,link: ,https://www.goofish.com/item?id=907204003861&categoryId=201509401
三木偶Lolita xl码 生成色 单裙穿过洗过 有污渍完美者勿扰无原盒包装 无吊牌标价直拍包邮包手续费  ,175   ,link: ,https://www.goofish.com/item?id=908944815366&categoryId=126860305
出织锦猫蝴蝶效应op腰封款xs码 裙子+胸口蝴蝶结全新带吊牌  ,243   ,link: ,https://www.goofish.com/item?id=909999368328&categoryId=126860305
【椿樱序曲】韩菇凉~原创设计Lolita洋装甜美jsk吊带连 衣裙女夏天蝴蝶结罩纱都在穿一洗一M码有官配发带加购35可单买裙子包邮 手续费0.95不包  ,157   ,link: ,https://www.goofish.com/item?id=909414380150&categoryId=201509401
【专人尾款】小芙蝶尾款 转单以后裙子就归你了，自己的漂亮小裙子不要忘记补尾款啦[送花]  ,250   ,link: ,https://www.goofish.com/item?id=908528639006&categoryId=126860305
尾火急出 全新 穿一已洗 蕾拉之约m码 裙子纯棉易粘毛建议勿拍 不包官瑕 带吊牌，被取下来了没有绳子 收货当天确认收货返邮费 等于包邮了 不退不换 不刀 不接受到手刀 防止纠纷裙子状态是微瑕 欢迎找我要实物图呀  ,155   ,link: ,https://www.goofish.com/item?id=897122977123&categoryId=126860305
PINK UP+原创lolita《滚滚2.0》中华风五谷丰登 连衣裙 青瓷蓝色op 2码 原价预约500多 有瑕 放久了袖口蝴蝶结有泛黄 不确定能不能洗掉 图片为实物图 所见即所得 可直拍次日发货  ,150   ,link: ,https://www.goofish.com/item?id=907919199407&categoryId=201509401
洛丽猫Lolita雾隐山茶绿色 裙子有手袖➕裙子蝴蝶结➕花，无拖尾无裙撑，m码。送自搭蝴蝶结小头纱头饰九成新爽快包邮非偏远。  ,190   ,link: ,https://www.goofish.com/item?id=910112560742&categoryId=126860305
Alice girl原创Lolita十字姬新色，薄巧款，S码 。穿一，有飞机盒很重邮费zz  ,238   ,link: ,https://www.goofish.com/item?id=908885089101&categoryId=126860305
洛丽猫Lolita家的琉璃幻境 生成色➕25送日常裙撑 现货 op款 M码 穿一洗一 大拖尾和胸前的蝴蝶结都有 含自买头花 无手袖 可看上身效果 下单后不退不换  ,160   ,link: ,https://www.goofish.com/item?id=908344910155&categoryId=201509401
【低于原价出】Alice girl原创新款 Lolita熊熊 古堡 doll感正腰jsk吊带连衣裙xl码可以直拍不用提确，尾款发货走实际物流  ,228   ,link: ,https://www.goofish.com/item?id=909047134702&categoryId=126860305
羽翼降临蓝白色 闲置 已大刀 仅穿一蓝色m码+裙子所有小物+花丸邮费aa 爽快直拍包邮哦！拍下给购买记录  ,230   ,link: ,https://www.goofish.com/item?id=909375398793&categoryId=126860305
【出】这是一份汉堡lolita xl 奇迹狮家 卫衣+背带裙全新仅试穿  ,250   ,link: ,https://www.goofish.com/item?id=909297322911&categoryId=126860305
莉莉丝之眼，安琪儿，买的挺早了，一直挂在衣柜里，领子有点发黄 ，裙子上有一小片黄的，介意勿拍，有鱼骨撑，宝宝要的话送鱼骨撑，吊牌和防尘袋都有，售出后不退不换哦，送一个啦啦酱家的jk裙，45㎝，L码，吊牌手写信都在，  ,135   ,link: ,https://www.goofish.com/item?id=899918339745&categoryId=126860305
出飞行日记家裙子 无尽夏 s，穿一，无洗，爽快包邮 感兴趣的话点“我想要”和我私聊吧～  ,168   ,link: ,https://www.goofish.com/item?id=909006920037&categoryId=126860305
直出秒拍非偏远地区包邮 别问刀了，不刀 Vcastle真空城堡lolita家黑色jsk真空城堡家许愿三层雪纺烫金蛋糕裙 高腰款黑色jsk，全新带吊牌s码，full set ，有jsk+胸针+发带+边夹*2 订单截图已放，只搜到了尾款，定金没搜到太久远了 秒拍非...  ,195   ,link: ,https://www.goofish.com/item?id=570295698672&categoryId=126860305
穿一洗一 私我看细节图 爽快送发带、裙撑、开衫 可先私我 再拍  ,200   ,link: ,https://www.goofish.com/item?id=908988734146&categoryId=201509401
【FlowerFairyDaily 黑鸢尾 lolita背带 sk】经典黑白配色，长款半裙，M码。（有购买记录，吊牌好像也有，穿过一次拍照之后压箱底了，洗了，拍下发出之前可以再洗一次，五月一回家发货）  ,189   ,link: ,https://www.goofish.com/item?id=909744608475&categoryId=201509401
【直出】Alice girl原创 Lolita十字姬jsk红 色 单jsk s码 有送的发梳 裙子三个蝴蝶结都在 单出直拍包非偏远 有吊shi  ,248   ,link: ,https://www.goofish.com/item?id=909019945698&categoryId=126860305
渔老板如愿，仅裙子，背后绑带自配，未下水，仅试穿 感兴趣的话点“我想要”和我私聊吧～  ,170   ,link: ,https://www.goofish.com/item?id=907367387635&categoryId=126860305
维奥尔小夜曲lolita长袖连衣裙，优雅大码大小姐风，适合春 秋冬三季穿着。经典黑色搭配条纹设计，细节_上带有精致 בצורה של רחצה ועניבת חבל. 尺寸是L号，适合多种体型，穿着舒适且时尚。买来后几乎没怎么穿过，成色很好。附赠领结，让你的装扮更完美。支持邮寄，运费险保障，安心购买！买到山了赶紧出了 仅试穿  ,130   ,link: ,https://www.goofish.com/item?id=909381738923&categoryId=126860305
【预出】【少女心事】千木原创Lolita洋装doll感大拖尾 华丽jsk洛丽塔全款M码裙子＋拖尾到货之后不喜欢就出｜5.22  ,200   ,link: ,https://www.goofish.com/item?id=909583649641&categoryId=201509401
沉睡梦境Lolita家的蝴蝶梦境（长款）3点set裙子，肩链 ，手袖m码 搭私设穿了一次，前娘穿二，从前娘那收的，七八新的样子， 不包邮可直拍 飘带掉了一个不影响，效果如图2，周末补实物图，可私问状态，在家里，周末发货 我搭了一个坎肩48挺好看的可以发链接给你，要的话30出  ,165   ,link: ,https://www.goofish.com/item?id=908037708713&categoryId=126860305
出黑色 无名诗刺绣高腰连衣裙Ista Mori 东之森 Lo lita 洛丽塔不知道几团，多年前h收的，穿一洗一压箱底很久了M码黑色只有假领无腰带之前不会洗导致裙子染色，袖口和领子染成了生成色，假领未染色，内衬有一块84烧红的痕迹，外面看不出来假领不单出，送一条自配的丝绒腰带可以直接拍，不讲价  ,211   ,link: ,https://www.goofish.com/item?id=910122676147&categoryId=201509401
kukuwa 天使喵 刺绣循环柄开襟女仆围裙可爱纯色裙套装 穿一洗一 细节图可私~  ,185   ,link: ,https://www.goofish.com/item?id=909977300042&categoryId=126860305
Berry&Wood洋装 『餐具圆舞曲』莓果森林Lolita洛丽塔连衣裙l码 b品 穿过一次 好像有一些小瑕疵三句话拍下包邮包sxf 已经大刀  ,160   ,link: ,https://www.goofish.com/item?id=909057127957&categoryId=201509401
【收】乌鸦与少年jsk L码/XL码 无大瑕疵皆可，希望在200-249之间  ,210   ,link: ,https://www.goofish.com/item?id=909966128822&categoryId=201509401
谁来收我的破烂！！！月桂树，倪克斯之吻m码低领版，大瑕大瑕， 非偏远包邮家人们，塞多多的礼物，快毕业宿舍东西实在太多收，前娘有吊仅试，吊尸已沉入海底（找不到了）穿一洗一，但是被妈咪刷的有点起球版本（棉布裙子）棉布裙子没有办法，可以自己用用剔球机去一下球，正常社交距离看不出来，实物颜色没这么亮，请参考模特图，侧面由于当时买太小了有点崩线，拉不上用扣子扣上了（如图）送官配项链和耳环（耳环如果找得到的话）和自己搭的头饰  ,220   ,link: ,https://www.goofish.com/item?id=893799994828&categoryId=126860305
星未眠lolita美狄亚之吻 蓝色s码 op 单裙子穿一洗一 ，默认微瑕 20号后可发货  ,190   ,link: ,https://www.goofish.com/item?id=908479682645&categoryId=201509401
预出（6月份） 葡萄冻冻原创设计罗曼尼花园lolita紫色短款S码（不含拖尾） 几乎全新，裙子状态保存良好 仅穿过一次拍照。 很新非常新 几乎无暇。 赠送胸口积攒蝴蝶结 裙子包括可拆卸披肩+胸口蝴蝶结+全部玫瑰花，现货非偏远包邮发出！有需要的宝宝抓紧拍下...  ,230   ,link: ,https://www.goofish.com/item?id=909949048370&categoryId=126860305
圆舞曲jsk原创lolita甜心贩售机狗短连衣裙 粉色s码的 89新无大瑕疵 只换cos最好m 和列表另一条圆舞曲一起带走便宜20包邮  ,200   ,link: ,https://www.goofish.com/item?id=909036004411&categoryId=201509401
原价出昭和doll定金 bnt➕腰链➕裙子白粉色s加长第四批的，这个月26就可以补尾款不需要你提确。尾款转账。那边发货这里定金发货。不喜欢了卖卖掉尾款：245  ,210   ,link: ,https://www.goofish.com/item?id=909550473503&categoryId=126860305
标价包邮出小欣原创设计家蔷薇执事Lolita大全套m码 正版 保正 包括：裙子本体+边夹一大包全新没拆开过+项链+两个姬袖 有定金卡和鉴别记录 飞机盒也有 但底部破了 裙子和项链姬袖室内短穿一 肉眼无暇 不换不换不换任何东西 不包手续费请转账不走手续费就直接转账走物流信息 已自刀 不接受砍价 ...  ,264   ,link: ,https://www.goofish.com/item?id=909754596312&categoryId=201509401
出 m码仲夏物语野草莓2.0系列洛丽塔裙 图片款，线下499购入，穿二洗二，拍下发状态视频。  ,249   ,link: ,https://www.goofish.com/item?id=904755753921&categoryId=126860305
【时织魔女Lolita】豹喵喵一团 单jsk s码 穿一洗一 状态非常好 戳我看实物图  ,188   ,link: ,https://www.goofish.com/item?id=909456465962&categoryId=201509401
【现货】原创lolita契约十字jsk哥特狗短甜美连衣单裙辣 妹裙#带披肩一起  ,220   ,link: ,https://www.goofish.com/item?id=909030815311&categoryId=126860305
水果日报小飞袖Lolita夏日套头快乐裙田园风昭和轻lo 绿色长款m码，穿一洗一，状态很新，上上个月购入  ,180   ,link: ,https://www.goofish.com/item?id=909696097546&categoryId=126860305
zz包邮 出洋娃娃与小熊跳舞若草色L码（大码） 有吊s 印象中没什么瑕疵 状态还OK有发现瑕疵的话会说明 送占星猫腰带（找得到的话） 裙子在家 需要家人发货 2～3天左右 手续费转账！！ 不会再降 不换 有爱可问有爱可问！！！宝宝们有喜欢可以问我TVT  ,165   ,link: ,https://www.goofish.com/item?id=907632075585&categoryId=126860305
出少女花园大全套有裙子本体拖尾边夹蝴蝶结 感兴趣的话点“我想要”和我私聊吧～  ,130   ,link: ,https://www.goofish.com/item?id=909417565982&categoryId=126860305
银之庭*茶屋古董*原创蕾丝拼接Lolita裙 衬衣 生成色M码有吊尸 穿一很新拍下解锁实物 不包不刀  ,180   ,link: ,https://www.goofish.com/item?id=909182522526&categoryId=126860305
【4团余单】接星星定金出，奇异猫原创暗纹lolita天使印花 Cla裙，油画感十足！若草色S码，裙摆带花边，超美！适合各种场合，喜欢的快来看看吧！ 试过二次，没有穿出门过，有原盒  ,160   ,link: ,https://www.goofish.com/item?id=909025290813&categoryId=126860305
Windyan 温迪安Lolita 中华风小狐狸fullse t jsk罩裙+红色衬裙+衬衫+斗篷 一对手袖+3个蝴蝶结边夹+狐狸边夹 一套s码 衬裙里面带鱼骨 古早萌款xd价出 爽快姐妹包邮～  ,188   ,link: ,https://www.goofish.com/item?id=908641759757&categoryId=126860305
瑞本兔蓝色op xl码 单裙子 状态：九新 领子好像有点不明显的发黄 不太明显 算是正常的穿着痕迹默认可能会有没发现的小瑕疵不刀不换售出不退可接受短分期  ,200   ,link: ,https://www.goofish.com/item?id=909050334813&categoryId=126860305
梦孚子【审判2023】哥特风修女lolita长裙 s码长款，短穿一，上身四个小时不到 包含衬衫+腰封长裙+口水领，有吊尸，现货价买的，爽快送一个黑色蝴蝶结夹 不包邮，拍下360度发细节图  ,210   ,link: ,https://www.goofish.com/item?id=909845344194&categoryId=126860305
【现货全新】小芙蝶 单裙子2002裙子➕拖尾➕飞机盒➕项链2503全套加裙撑270高级款➕50裙子自带蓬松哦看清楚！！！（厂原发厂家直销）需要直接下，秒发吊牌内标都有标价可直拍，可看实物图，有什么问题都可以问公主要什么尺码，可以点击“我想要”吩咐小客服下单哦～希望公主们都能买到喜欢的漂亮裙裙～  ,160   ,link: ,https://www.goofish.com/item?id=906697792588&categoryId=126860305
【出】七符音Lolita原创设计家 (现货)【七符音】雏菊之夏原创夏日小清新刺绣蝴蝶结Lolita s码 op裙➕罩纱➕腰间蝴蝶结➕边夹 很新 仅试穿拍照 裙子有点重量爽快包～可定金  ,150   ,link: ,https://www.goofish.com/item?id=673503280261&categoryId=126860305
飞行日记公主裙花嫁日常款长裙生日裙原创Lolita 花嫁款s码，生成色，送拖尾，送配饰，全新带吊牌 为了18岁过生日买了两件都留下了了 这件买来只试穿过 后面两张是我的上身图 寄出后不退不换 不接受未成年理由退货  ,160   ,link: ,https://www.goofish.com/item?id=908690015190&categoryId=126860305
Lilian朱诺之鸟L码高腰op 莉莉安原创设计的复古连衣裙，L码，高腰op款式。 裙长嫌弃太长改短了一点，之前的裙长实在太显胖了，改短了优雅中又可爱一点，虽然改过但是基本肉眼无痕 注意⚠️高腰op短款！裙长改短了15cm，改多出来的布料做了大蝴蝶结发饰，一个本布发箍，配...  ,150   ,link: ,https://www.goofish.com/item?id=905403419973&categoryId=126860305
SC新款十字架蝴蝶结双层蕾丝袖地雷系量产型裙衣套装yd 烤棉 花热巧克力家的无标真原 黑白蕾丝袖 穿一状态好 蝴蝶结板正 几乎全新  ,265   ,link: ,https://www.goofish.com/item?id=909068449910&categoryId=126860305
【预出】现货失眠糖果原创设计千层挞挞lolita圣诞薄荷巧克 力 （可以出miku私设 因为我太懒了闲置了裙子+围裙+爱心装饰齐全S码 仅穿一 未贴身p2本人上身图 状态很好 不带撑也很萌的狗短包sxf 裙子比较重不包邮图有点太糊了 传了实拍图  ,156   ,link: ,https://www.goofish.com/item?id=900949744741&categoryId=201509401
恋与心悸韩菇凉原创L码JSK吊带连衣裙，只穿过一次哦，几乎全 新。正的哇，dy官方旗舰店买的哦，裙子是四季都能穿的款式，包邮哦，不退不换哈，宝宝们看上的赶紧私聊我吧～[托腮][托腮]  ,150   ,link: ,https://www.goofish.com/item?id=907470177699&categoryId=201509401
【Infanta.婴梵塔】LOLITA*少女的房间 颜色分类:灰紫色JSK 单裙 原价400➕ 大刀出 s码 无配饰 除一处氧化生锈外基本无暇 （ 穿上看不见 会被遮挡）已经洗过 适合比较瘦的宝宝 拍下后指哪拍哪现货秒发  ,160   ,link: ,https://www.goofish.com/item?id=909299842138&categoryId=126860305
定金 已满2k｜NyaNya鸢尾瓷器图鉴Lolita原创优雅 印花暗纹连衣裙绿色sk 2XL 茶壶胸针 尾款录屏换你地址淘宝直接分享给你  ,178   ,link: ,https://www.goofish.com/item?id=908999147933&categoryId=201509401
退坑出告白气球lolita爱丽丝姐姐加小码op➕罩裙 仅试穿，有吊尸爽快塞小礼物~邮费zz  ,180   ,link: ,https://www.goofish.com/item?id=909290498574&categoryId=201509401
【却桃-定金页面】一团/独角兽之翼/中华Lolita/Uni corinWings 颜色分类: 长款FS大全套定金-慢团、尺码: L转定金，原价转，尾款直接填你地址，定金需要提确，跑单定金不退，我这边有实拍的定金函尾款出货的时候再开页面，填你地址，店家直寄  ,220   ,link: ,https://www.goofish.com/item?id=896540338684&categoryId=201509401
【全新正品蔷薇执事】小欣原创蔷薇执事JSK 亚文化甜辣纯欲温 柔芭蕾风生日lolita裙 #洛丽塔 蔷薇单裙子+脖套（送飞机盒） 219.68 蔷薇+脖套＋手袖（送飞机盒） 229.68 蔷薇+脖套＋猫耳朵头饰（送飞机盒）235.68 蔷薇+脖套+手袖＋猫耳朵头饰（送飞机盒）整套248.6...  ,248   ,link: ,https://www.goofish.com/item?id=903513186746&categoryId=201509401
出恋与心悸粉色m（含姬袖） 裙子无暇 配件齐全 仅穿过一次 未清洗 衣服会清洗的香香的发出 想要姬袖➕40（非原配）不包邮哦  ,144   ,link: ,https://www.goofish.com/item?id=906789807078&categoryId=126860305
塔塔塔长耳公馆原创设计 乙女心lolita古早感lo裙do ll感洛丽塔jsk连衣裙吊带裙，全新带吊，M码，小物有发带，小物未拆，仅隔衣试穿一次，完美主义慎拍，默认售出不退不换，骗子勿扰，包邮  ,240   ,link: ,https://www.goofish.com/item?id=909420841327&categoryId=126860305
历次鸟Lolita（按需睡眠op） 睡裙lo裙 因为我试穿了降10元出 我原本想着没那么长，没想到买长了 我1m6到脚跟，小宝宝可以做参考 全新仅试穿，我拿到货到宿舍试穿发现长就挂出来了 爽快可包邮，欢迎小宝宝来问，本人很温柔  ,229   ,link: ,https://www.goofish.com/item?id=907685503347&categoryId=201509401
【宝石之冕】韩菇凉~原创设计Lolita洋装doll感jsk 吊带连衣裙夏季【预出】红色跟黑色单jsk，都是m码可以单出也可以一起，单出195不包邮（邮费多退少补哈），一起285包邮非偏远收到货试穿后出哦，喜欢的宝宝可以排  ,195   ,link: ,https://www.goofish.com/item?id=909012567076&categoryId=201509401
【代友挂】恋与心悸 L码 单裙子 有拖尾  ,160   ,link: ,https://www.goofish.com/item?id=909616549125&categoryId=126860305
withpuji原创设计女仆装，单裙子，有蝴蝶结，无接袖，基 本没发现什么瑕疵，默认微瑕，包邮可直拍  ,136   ,link: ,https://www.goofish.com/item?id=909923916187&categoryId=126860305
超值lolita福袋s码 两条jsk/op①原价900+，鱼 上最低价穿洗过，这条裙子我算的比最低价还低，仅试穿是最早期入坑一个姐姐卖给我的茶会款非常重工烫金都没有掉没有洗过，华丽款，真的很优雅，现在微博还能搜到店家，里面官图都很好看②全新仅试穿风格不合适商家寄来就压箱底，这个也比最低价低很多两条都是肉眼可见的新，没有穿过的全新全新，没有检查到瑕疵，默认有微微瑕接直拍侠，急清衣柜最低价出(*´ｰ`*)优雅，华丽，ph，cla截止。2月12 9:00不包邮和手续费，手续费和邮费不垫付盲盒性质不退不换(= ･王< =)☆wink图片我乱放的标价包同状态市价最低不包喜欢这个福袋里面的东西个人很喜欢，出不掉自留了 ᴛㅅᴛ  ,200   ,link: ,https://www.goofish.com/item?id=909850873335&categoryId=126860305
【Lace Garden】+Miss 瑞拉+lolita接袖 黑白连衣裙OP中古全款现货 s码，状态很好，最近胖了穿不下了，可直拍，直拍包邮，其余收12  ,199   ,link: ,https://www.goofish.com/item?id=909972452783&categoryId=126860305
洛丽猫八千春新中式Lolita 蓝玉生烟 （裙➕坎肩➕拖尾） M码仅试穿 有飞机盒 标价可直拍 包邮  ,220   ,link: ,https://www.goofish.com/item?id=908507363129&categoryId=126860305
原价转定金布偶执事预约lolita可爱裙子虎虎岛原创 上衣➕下裙➕马甲➕意向金领结➕集赞领结五件套 薄巧色m码4月30日补尾款填你地址， 不用提前确认，五月发货，不包平台手续费1.17转账 【195是全款！+1.17平台手续费】可以直接拍  ,195   ,link: ,https://www.goofish.com/item?id=903814489936&categoryId=201509401
送裙撑和后面的大蝴蝶结，抖音直播间买的 感兴趣的话点“我想要”和我私聊吧～  ,200   ,link: ,https://www.goofish.com/item?id=909452784395&categoryId=201509401
【有拖尾初吻缎带】千金风·大小姐浪漫氛围感缎带挂脖显瘦lol ita连衣裙 出黑色，钻石甜心家M码+p2的黑色大蝴蝶结拖尾（全新未使用，和裙子本体无色差） 生日穿了一次几乎全新。 不刀不换不包邮，快递发顺丰,收到货后当天确认收货退10r 小女子近日欲购置新衣，惊觉手头紧张，只得以这【初吻缎...  ,218   ,link: ,https://www.goofish.com/item?id=889502582383&categoryId=126860305
liliko原创设计 审判之名 lolita 军lo 黑色 仅裙子。黑色，L码 仅拍照穿过，成色尚可，私我可拍实物图  ,150   ,link: ,https://www.goofish.com/item?id=909904072882&categoryId=126860305
出芙拉小姐 绝对正版不正我吃了 就穿过一次 爽快送小礼物 可租❗️❗️❗️❗️❗️❗️  ,159   ,link: ,https://www.goofish.com/item?id=909413337023&categoryId=201509401
【急出】芙拉小姐红色棉版分体op全套 p2️⃣实拍上衣+裙子+背后大蝴蝶结+姬袖蝴蝶结掉过一次，我后来自己缝上的 但看不出来不包手续费 棉版的洗完有点皱需要自己熨一下 有飞机盒防尘袋等引流借茶羽中 小小花园知更鸟生巧情诗 泡泡巴士 天使街道，天国少女，bbd，ap机械云，占星猫，安妮的早餐，森女想去海边，古董人偶，梦见鲸鱼岛，三叶亭，小花园，报纸娃娃，笼中梦天使柄爱神乐章阿尔克纳之梦安妮的包裹猫与情书提拉米苏拿破仑加冕海市蜃楼美兰妮里雾诗借楼姜饼屋报纸娃娃bbd古典人偶天使街道油画柄林擒少女人形师泰迪sp俄罗斯套娃午茶熊爱神你别睡没烦恼古董人偶天使街道小熊玩具你别睡爱神乐章天使柄占星猫人偶派对兔耳洛可可人形师bbd复活者小甜茶笼中梦安徒生的低喃丝茉茉小甜猫洛可可舞曲梦见鲸鱼s码  ,200   ,link: ,https://www.goofish.com/item?id=908947234912&categoryId=201509401
出桔梗house【爱神之约】杏蓝粉吊带款，M码，有拖尾。几乎 全新，只穿过一次，项链丢失了。裙子很美，适合夏天出门或拍照，质感很好。有兴趣的小姐姐可以联系我看看细节图哦~支持交易前多看图，非偏远包邮。  ,170   ,link: ,https://www.goofish.com/item?id=908748583292&categoryId=126860305
科幻粉色lo裙 时代的眼泪，古早lolita！阿尔克纳之梦， m码，状态一般，没有腰间蝴蝶结，会送一个蝴蝶结，也是高价收来的！很重工，很有性价比。因为是几年前的裙子，裙子难免会有一些小瑕疵，没有大瑕疵。可以直拍。不会再低了。已打包完  ,200   ,link: ,https://www.goofish.com/item?id=905842662268&categoryId=126860305
【蕾西娅2.0】 m码 蓝色 洗一 裙子状态如图所示 实拍图有色差 没问题可以直接拍 除偏远地区外包邮 发货前会发送裙子细节视频裙子130罩衫70一起捆！！！！！！！！！180包邮找我改价【Tiny Garden 小花园】法式少女风2way 蕾丝领 全开襟 Lolita 短袖 连衣裙 OP  ,130   ,link: ,https://www.goofish.com/item?id=909017341898&categoryId=126860305
【现货现货】小芙蝶洛丽塔裙心动玩偶原创巴黎风蛋糕裙连衣裙Lo lita甜美短款可爱软妹风。 裙子 199.9 ➕29.9送（帽子➕项链）  ,199   ,link: ,https://www.goofish.com/item?id=909656136303&categoryId=126860305
Lolita软妹福袋200元10件！ 送礼物！200元10 件衣服！这个价差不多是论斤处理了！这个福袋里面有，汉服，软妹裙，jk制服，lo裙，连衣裙（原价都是一百多到三百多，三坑的裙子基本上都是保底一种放一件，其他的就是随机开出，不会只开一种)基本上状态都很好，不过小裙子都默认大瑕，无售后，发货之后不退不换会超重很多就不包邮了，运费收30多退少了不用补！ 还送很多很多小物饰品零食化妆品之类的 衣柜真的爆炸了，大多数都是s～m，s比较多，大码的姐妹不用看了这个价的福袋不透，都是一些看腻了的，又懒得一个一个拍照所以大包出了，想要透先发我20，要不然就不要问我能不能透了，只卖这一个，后面还会不会有看情况吧  ,200   ,link: ,https://www.goofish.com/item?id=910223504528&categoryId=126860305
出午茶熊op，粉色，是粉色，L码，裙子没什么瑕疵，穿过一次压 箱底了，图源网络，真的想要的可以问我要状态图  ,150   ,link: ,https://www.goofish.com/item?id=908765803364&categoryId=201509401
【秋日虎虎】晚安了喵Lolita刺绣日常op秋冬厚款长袖 单 裙子标价半包邮 状态挺好的 m码 最晚4月底左右发出发出不介意的拍!  ,180   ,link: ,https://www.goofish.com/item?id=908995119424&categoryId=201509401
春日花语 山茶莓果OP法式CLA洛丽塔PH风Lolita 绿色简单款S码短款+一对边夹 穿过几次，夏日快乐裙，意外的还挺显瘦，我瞅着没啥瑕疵，但每个人要求不一样，默认微瑕。  ,249   ,link: ,https://www.goofish.com/item?id=909522924359&categoryId=126860305
【泡沫之恋op】withpuji原创设计cla优雅大摆纱裙对 袖腰封可拆夏 M码 op+腰封+对袖三件套 打包出不拆卖 试一洗一 没有穿出门过 一直挂衣柜里 非偏远包邮 售出不退不换 喜欢的宝宝请慎重考虑 看裙子细节请dd我吧 本人162不穿撑差不多到脚踝 宝宝们参考一下  ,170   ,link: ,https://www.goofish.com/item?id=887869501730&categoryId=126860305
大刀出洛丽猫家的八千春 新中式的小裙子 穿过一次坎肩拖尾都 在 可以直拍 状态很好 包邮 私信看裙子  ,220   ,link: ,https://www.goofish.com/item?id=908925574545&categoryId=126860305
出爱意将至咩耶原创Lolita三团 若草色m码+罩纱+ 边夹 +自配丝带发夹 罩衫蕾丝自然氧化发黄 不在学校 4月底发  ,240   ,link: ,https://www.goofish.com/item?id=908618655399&categoryId=201509401
出虎斑猫m码银三段lolita，貌似全新（或者试穿1）应该带 吊牌，有手袋不包邮，裙子重，不刀慢出  ,188   ,link: ,https://www.goofish.com/item?id=909076043421&categoryId=126860305
渔老板原创正版祈愿lolita多巴胺连衣裙少女(含礼帽内搭甜 心 适合90-110斤的宝宝 仅穿一次拍照 感兴趣的话点“我想要”和我私聊吧～  ,130   ,link: ,https://www.goofish.com/item?id=908666648076&categoryId=126860305
古早味洋果子店OP/JSK/背带/开衫 暗星之岛lolita 薄荷灰op[闪亮]单裙子全新带吊牌，标价包邮出不刀不议价  ,248   ,link: ,https://www.goofish.com/item?id=909741633560&categoryId=201509401
莓熊物语op 原创可爱小熊印花洛丽塔裙 全新带吊牌S码 当天发出，拍下发顺丰  ,148   ,link: ,https://www.goofish.com/item?id=779992677832&categoryId=201509401
【包邮出】月桂树Lolita家安妮的礼物，状态良好，只穿过一 次，吊牌未摘，因为有点大了穿不了出，拍下送图6熊耳kc以及图5定制款蝴蝶结腰带(非官配且腰带在家只能五月份单另发出)  ,199   ,link: ,https://www.goofish.com/item?id=905235229457&categoryId=201509401
出夜莺少女琉璃月裙子s码op➕发带➕手袖，自己仅试穿，然后放 起来了（工作不好穿洛丽塔，周末也不喜欢出去玩），不过具体价格我也不知道多少。（自己试穿的照片）（因为是晚上所以没把裙子拿出来白天再补裙子照片）不包邮  ,200   ,link: ,https://www.goofish.com/item?id=908747703765&categoryId=126860305
出snow雪野一梦 浅梦芭蕾 蓝色s码 标价包邮可直拍 无吊牌 无瑕疵 可以提供360度无死角拍摄视频穿过一两次 没下水过 寄出后不退不换仅裙子本体 没有小物 拍下后两天内发货  ,198   ,link: ,https://www.goofish.com/item?id=870557756983&categoryId=126860305
出山楂浆果原创 小女仆 优雅Lolita风 黑色m码 短款op+围裙+猫发饰 不在学校，4月底发  ,181   ,link: ,https://www.goofish.com/item?id=908615587425&categoryId=201509401
【实体店现货】【有吊牌】 【全新未拆封】 原创Lolita 小芙蝶24小时左右火速发货[火][火] 现在下单，大全套直接带回家！礼帽、项链全都有，尺码超全，从S到XL任你挑选~ 而且咱们质量超有保障，有任何质量问题，包退包换，放心拍！拍下就送飞机盒，仪式感拉满！喜欢的宝子别犹豫，让你在这个春日魅力无瑕绽放！#Lolita #洛丽塔 #洛丽塔服饰  ,245   ,link: ,https://www.goofish.com/item?id=887591083434&categoryId=201509401
心动玩偶洋装 薄巧甜厨lolita L码 已经集赞围裙+裙子+蛋糕帽 到货不喜叠邮出 可排  ,245   ,link: ,https://www.goofish.com/item?id=908589462169&categoryId=126860305
【爱恋序曲】~白糖少女六周年庆原创设计Lolita洋装jsk 吊带连衣裙 粉色m码➕官配斗篷 仅试穿 吊牌没了 包邮不退换  ,198   ,link: ,https://www.goofish.com/item?id=909091050735&categoryId=201509401
春和雾散lolita 丝缎芭蕾 仅穿一次 M码 低价出 包邮 感兴趣的话点“我想要”和我私聊吧～（不是花匣家不要再问我了）  ,198   ,link: ,https://www.goofish.com/item?id=907970545243&categoryId=201509401
*椿日恋*仲夏夜原创lolita/（官正品） 全新，仅试穿一次+吊牌下单周五发出，快递发出后不退不换，可直拍可特惠寄  ,200   ,link: ,https://www.goofish.com/item?id=843187453792&categoryId=201509401
半透明福袋lolita 一条芙拉小姐jsk只有大蝴蝶结 一条喵喵小姐（具体看主页 都是s或者m 随机送条蓝色系裙子 是冷门lo裙 也很好看  ,180   ,link: ,https://www.goofish.com/item?id=908665227265&categoryId=126860305
小羊的蓝莓挞派对背带和JSK国中友人帐原创Lolita洋装洛 丽塔裙子本体加小旗子加帽子，穿了两次状态还可以，225包首重要衬衫＋20假发可以送，要的话给我说，就戴了一次  ,225   ,link: ,https://www.goofish.com/item?id=909053719668&categoryId=126860305
预出【白糖少女】翻糖蛋糕Lolita-粉色s码 粉色jsk吊带裙+bnt帽子+吊牌运费不包，拍价就是卖价到货考虑不喜出，不可直拍，可排  ,205   ,link: ,https://www.goofish.com/item?id=909000871282&categoryId=201509401
【出】魔法裙子猫lolita宝卡梦，深蓝（深水龟）长袖op小 码。小物有一个蝴蝶结，仅试穿。喜欢的宝宝可私信看状态哦，爽快的送自搭围裙一个！  ,140   ,link: ,https://www.goofish.com/item?id=723011894577&categoryId=126860305
出好梦咩咩 巧克熊lolita 裙子仅穿出拍照过一次！拍下指哪拍哪，有边夹，有腰带。齐全！边夹是自己单独买的 爽快包邮  ,150   ,link: ,https://www.goofish.com/item?id=909347934578&categoryId=201509401
【限定甜心op】withpuji原创设计甜系胸口 M码。穿一 已绝版直拍包手续费 不包邮邮费实收二手物品不退不换  ,150   ,link: ,https://www.goofish.com/item?id=909542421334&categoryId=201509401
芙蝶之心粉色 芙蝶结原创洋装jsk日常轻lolita公主连衣 裙生日礼服 m码 拖尾➕蝴蝶结➕玫瑰花  ,166   ,link: ,https://www.goofish.com/item?id=909470464728&categoryId=126860305
出 全新洋子的工作日黑色短款jsk➕围裙 s码 全新带防盗扣 未试穿未下水标价包手续费包邮  ,210   ,link: ,https://www.goofish.com/item?id=909058254284&categoryId=126860305
小黄油lolita 星绶天使 包邮 大全套M码裙子+绶带+大蝴蝶结+bnt 状态很好 只穿过一次爽快宝宝送小礼物  ,155   ,link: ,https://www.goofish.com/item?id=909756849428&categoryId=126860305
【整理衣柜】平城魔女彩虹诗220裙子含小物 找不到购买记录 正版保证 穿过一次 尺码S 有的配饰都会给（发货前拍） 200 衣服已经很便宜了，原价也都不便宜 所以不会再包邮了，也不要再来问我能不能包邮， 衣服我已经花钱买了，我也不在乎能不能出出去 本身就是为了清仓便宜出  ,200   ,link: ,https://www.goofish.com/item?id=900372578663&categoryId=126860305
【出】Alice girl家格子泰迪熊 单jsk 黑色 m码 太古早了找不到黑色图 图上是蓝色 不刀 不包 可直拍爽快塞小礼物 次日发货  ,170   ,link: ,https://www.goofish.com/item?id=908755627719&categoryId=201509401
出国中友人帐甜心咩咩系列背带 m码 只穿过2次 有围裙包邮  ,136   ,link: ,https://www.goofish.com/item?id=908758043213&categoryId=126860305
你好，还在因为出不掉威廉小姐短袖长款而困扰吗？这样也太逊了！ 急出可以看看我，到站就签收秒确认收货。以噶，如果有兴趣的话。现在就点开我的头像发起私信，帅气而沉稳的留下一句：你好我标价左右包邮出威廉小姐长款短袖m码or L码怎么样?卡酷一得修？来，试试看吧～（顺的文案）威廉小姐复古cla系六片裁lolita琉璃城堡 价格浮动看状态，不收状态不好的[闪亮]我是收收收收收收收收希望能带帽子或者其他搭配一块儿收，纠结症自搭真的很痛苦，小物价格单算～  ,200   ,link: ,https://www.goofish.com/item?id=909048298621&categoryId=126860581
【出】现货「秋款.安缇娅的祷告」 OP套装 哥特修女风lo litaM 裙长100现货全新带吊牌 拍下发360度实物实拍隔天可发  ,200   ,link: ,https://www.goofish.com/item?id=909039179938&categoryId=201509401
标价出韩菇凉家恋与心悸仅穿过一次 粉色s码jsk＋尾翼＋飞机盒  ,175   ,link: ,https://www.goofish.com/item?id=909346062341&categoryId=201509401
梦孚子莉莉丝（特别版）lolita 单裙 2xl码【包邮可直 拍】两个花球都在，原装飞机盒 需五一回家发出 只穿过一次 未穿出  ,210   ,link: ,https://www.goofish.com/item?id=902027091880&categoryId=126860305
宅心喵lolita原创设计现货女儿服小蛋糕裙长袖 m 码数 全新未穿  ,200   ,link: ,https://www.goofish.com/item?id=906000764772&categoryId=126860305
芙蝶之心 芙蝶结原创洋装jsk日常轻lolita公主洋装连衣 裙 挂脖+吊带+蝴蝶结+爱心+玫瑰花+拖尾  ,225   ,link: ,https://www.goofish.com/item?id=908986904234&categoryId=201509401
出 babyblue婴儿蓝草莓匣 *草莓匣* 原创Loli ta 三段式JSK大裙摆连衣裙香槟色110 s码穿一洗一 二手默认微瑕 爽快包邮，偏远需补超出部分  ,180   ,link: ,https://www.goofish.com/item?id=909728365828&categoryId=126860305
两件158.88出 需要的可以联系噢 送裙撑和蝴蝶结！！只穿过一次！！  ,158   ,link: ,https://www.goofish.com/item?id=904324301882&categoryId=126860305
荧惑原创 包臀鱼尾裙 Lolita裙 复古 修身仅有M码 拍照穿过后闲置包邮或者运费自出降价10R不议价 可直拍 或者运费自出联系改价直拍送小礼物~ 联系可看细节图  ,130   ,link: ,https://www.goofish.com/item?id=906325729944&categoryId=201509401
高定如心少女游园会系列 带原装衣架，包含蝴蝶结发饰、背饰、脖饰[托腮] 粉蓝搭配梦幻少女心 裙撑可以选择要或不要（需要另外费用，但不多） 仅穿过一次，毕业前想整理一下出掉 想要的可以沟通 沟通后三天内发出（因为我得想想怎么打包[裂开]） 原盒已丢（因为没想到自己...  ,210   ,link: ,https://www.goofish.com/item?id=899453366569&categoryId=126860305
withpuji原创设计女仆装，单裙子，有蝴蝶结，无接袖，基 本没发现什么瑕疵，默认微瑕，包邮可直拍  ,136   ,link: ,https://www.goofish.com/item?id=909923776862&categoryId=126860305
高定如心 超级大全套，有裙子本体，一字肩，前短后长拖尾，超大后背蝴蝶结，挂脖，原装蝴蝶结发夹，原装肩带。仅试穿，未下水。不刀噢，因为已经五折多啦，而且包括蝴蝶结发夹的全套很少噢，保存的也特别新  ,140   ,link: ,https://www.goofish.com/item?id=910119108162&categoryId=126860305
现货绝版lo大刀出♥玻璃花信 莉莉小姐 [红圆]标价即全套，含∶裙子+边夹+颈饰项圈+原装飞机盒裙子M码，穿一已洗，如果需要可以帮忙机洗一次再寄出[五角星]状态如图，个人没发现什么瑕疵的地方。确定要的话，拍下付款后可以找我拍局部细节图或者视频，指哪拍哪已大刀，不接受到手刀现货，可以直拍，当天发，包邮#Lolita #洛丽塔 #洛丽塔服饰  ,165   ,link: ,https://www.goofish.com/item?id=798117565071&categoryId=126860305
【原价出】少女的回忆录Lolita s码jsk仅试 s码仅试 jsk➕发带 全新 裙子状态好吊牌没拆这家没有飞机盒 所以袋子包装好发走原价转 不包邮不包手续费  ,229   ,link: ,https://www.goofish.com/item?id=909347742214&categoryId=126860305
小海妖 渐变蓝色 L码 状态如图 单裙子jsk➕拖尾➕边夹➕手袖➕项链➕备用珍珠链条➕衣架➕防尘袋商家发过来的都在 发货跟图片里的一样瑕疵在别拖尾的地方有锈渍 能接受的拍  ,235   ,link: ,https://www.goofish.com/item?id=909029751684&categoryId=126860305
标价出lolita春日桃op中华风甜心贩售机温柔汉元素中华风 日常lo裙子 s码穿一洗一包邮s码送图2粉色猫耳发带头饰  ,199   ,link: ,https://www.goofish.com/item?id=909757649294&categoryId=126860305
【出】白雪恋歌 短款+拖尾 Lolita S码 飞机盒 有装饰 有头饰 仅室内试穿 几乎全新 五一假期之间发货  ,220   ,link: ,https://www.goofish.com/item?id=884791188233&categoryId=201509401
cr家瑞本兔jsk 黄色 m码 有胸前蝴蝶结 状态：九新 胸前有别蝴蝶结别针别的洞默认可能会有没发现的小瑕疵包含：裙子➕蝴蝶结别针➕自配内搭不刀不换售出不退可接受短分期  ,240   ,link: ,https://www.goofish.com/item?id=908149921630&categoryId=126860305
锦慕lolita[夜刃]中性风帅气酷感套装上衣武士裤哥特风暗 黑系c服 上衣＋围裙＋裤子＋衣服上配饰＝251元 (现货开售会涨价20元) 可拆卖 原创正品！保真保正！！ S M L码数都有 全新有吊牌防拆扣标 包含衣服上所有配件 厂家渠道直发  ,251   ,link: ,https://www.goofish.com/item?id=896653108485&categoryId=126860305
高定如心［缎带舞曲］ m码标价可直拍有飞机盒➕防尘袋➕衣架➕裙撑40块不包sxf（三句话爽快的话可以半包邮）可以问我看细节图  ,240   ,link: ,https://www.goofish.com/item?id=908203279958&categoryId=201509401
[包邮出大码lolita]alicegirl家玩偶之家托胸长 款jsk，3xl码的，单jsk有飞机盒，前娘没有穿过，我只穿两次，没有官配胸针和徽章，但是有自搭的胸针和一个发夹可以送因为有飞机盒，邮费我包8块，超过费用补差不再接受口头预订  ,199   ,link: ,https://www.goofish.com/item?id=899384511781&categoryId=201509401
AH天使之心绝版lolita 芙洛拉的密语 高腰蛋糕尾JSK 颜色分类:香草白，尺码:M初版，生成色肩带和裙摆。应该是九新，胸口蝴蝶结没有了，不记得有其他瑕疵，有人问再检查  ,158   ,link: ,https://www.goofish.com/item?id=909973736595&categoryId=126860305
旧约op+接袖+披肩Lolita 一套出withpuji家c la系的小裙子 非常优雅的一套，单穿op很日常，腰部放量大 M码，穿一，发货前会洗+熨烫 裙子很重，非偏远爽快原包装包邮出 注：没有配饰/不退不换 诚心收私我发实物图和细节视频#lolita连衣裙 #优雅礼服 #黑色连衣裙  ,199   ,link: ,https://www.goofish.com/item?id=909799356341&categoryId=201509401
樱洛芙lolita小裙 红心之眼op复古拼接款羊腿袖 L码 默认有瑕/微瑕标价包邮可直拍  ,240   ,link: ,https://www.goofish.com/item?id=908970671480&categoryId=201509401
出韩菇凉家恋与心悸lolita 大全套 只穿了两小时拍照 洗过了 要发带的老婆+15r发带是韩菇凉家的 要买的可以私我看细节图 不闲聊 会送小礼物 拒绝到手刀 拍下不退不换 邮费半包  ,220   ,link: ,https://www.goofish.com/item?id=908562951179&categoryId=201509401
【包邮出】梦孚子小奶芙-渐变系列古早风doll洋装lolit a连衣裙 蓝色，S码jsk 实体店买的没有飞机盒全新仅试穿，吊牌，防盗扣都在 实物图为后两张 （售出不退不换） 喜欢的宝宝来找我私聊吧  ,188   ,link: ,https://www.goofish.com/item?id=882667976222&categoryId=126860305
木棉少女爱洛书屋托胸JSK裙 XL码 日系学院风lolita 连衣裙jsk+内搭裙子是浅绿色的 柄图超可爱！XL码 160斤可穿标签剪掉保留，仅试穿有飞机盒，小物齐全，标价非偏远包邮  ,190   ,link: ,https://www.goofish.com/item?id=909843481637&categoryId=201509401
急出蔷薇现货执事JSK亚文化甜辣纯欲温柔芭蕾Lolita连衣 裙，粉杏XL（裙子胸口蝴蝶结被我搞不见了 但是不影响整体美观）+接袖一对+脖饰+一个发箍，太大了我穿不了，无飞机盒无吊牌，京东买的精山介意别来问啦，有没有人可怜我愿意收的，和正的没区别，价格买的和正的一样只是不知道有原创渠道，来人买吧[流泪][流泪][流泪][流泪]  ,150   ,link: ,https://www.goofish.com/item?id=904722100312&categoryId=201509401
Alice girl原创新款 Lolita魔药 万圣节哥特风 显瘦无袖连衣裙定金68，尾款180，还没补尾款，你要的话尾款直接填你地址酒红色Xs第二批定金 有定金卡，你要的话自付邮费我寄出，只是一张卡片而已没有什么用4.30补尾款  ,248   ,link: ,https://www.goofish.com/item?id=885205173324&categoryId=126860305
告白气球家三丽鸥大耳狗Lolita裙女JSK洛丽塔牛仔裙 感兴趣的话点“我想要”和我私聊吧～  ,180   ,link: ,https://www.goofish.com/item?id=909540421487&categoryId=126860305
森林衣橱原创设计，乖乖崽 CLA系优雅日常纯… 【尾款】经典 白色连衣裙，搭配白色蕾丝上衣，甜美风格，适合日常穿着。成色新，无瑕疵，品质保证。喜欢的仙女不要错过哦！ 一套，裙子➕小外套➕kc 清衣柜，指哪里拍哪里  ,250   ,link: ,https://www.goofish.com/item?id=908493163730&categoryId=126860581
出 梦展望黑色蕾丝荷叶边连衣裙 膝上3L 只试穿没出门 配件齐全官网购入 有购买记录不换蕾服 量产  ,240   ,link: ,https://www.goofish.com/item?id=874482219609&categoryId=126860305
芙蝶恋曲 粉绿s码 仅试穿 半包邮 全套的+裙子➕发带➕手袖➕拖尾 送裙撑 有吊牌  ,200   ,link: ,https://www.goofish.com/item?id=909963672395&categoryId=126860305
【退坑不换三坑】单裙子 天使颂歌lolita反光op s码 带吊牌仅试穿 从未穿出门过退坑了一直在衣柜里吃灰有爱 迪士尼玩偶/钥匙扣/各种周边不局限于这些 万物皆可换 都可以来问问！！！出的话标价不包邮～裙子本体太重了  ,160   ,link: ,https://www.goofish.com/item?id=763704039469&categoryId=126860305
【恋与心悸】韩菇凉~原创设计Lolita洋装华丽花嫁jsk吊 带连衣裙女 s码 穿拍照一次 爽快可➕韩姑娘姬袖内搭➕披肩➕裙撑鱼骨的 ➕发带粉色  ,180   ,link: ,https://www.goofish.com/item?id=908964687004&categoryId=201509401
【恋与心悸】韩菇凉~原创设计Lolita洋装华丽花嫁jsk吊 带连衣裙女  ,158   ,link: ,https://www.goofish.com/item?id=909670892700&categoryId=126860305
急出套【恋与心悸】韩菇凉家的粉色L码lo裙 试穿过一次吊牌已 摘 要内搭（白色）或者裙撑私聊我+价 二手物品一经售出不退不换 谨慎下单 周末发货！  ,148   ,link: ,https://www.goofish.com/item?id=910203892250&categoryId=126860305
两件128.88出！！不议价 不包邮 送裙撑和夹子腿套  ,148   ,link: ,https://www.goofish.com/item?id=904327245082&categoryId=126860305
缘结恋曲粉色Lolita连衣裙，l码，穿过1.2次。这款裙子 是经典的洛丽塔风格，带有精美的蕾丝装饰和多层次的裙摆，非常适合各种场合。搭配有蝴蝶结和边夹  ,180   ,link: ,https://www.goofish.com/item?id=878101836302&categoryId=126860305
仲夏物语+贝壳兔系列+lolita小裙子+洛丽塔 贝壳兔jsk m码，有配套发带衬衣3点，衬衣上有黄色痕迹不影响穿着，整套包邮出  ,130   ,link: ,https://www.goofish.com/item?id=910165524149&categoryId=126860305
Thinkfly天启jsk Lolita长款连衣裙 尺码：s码，黑色，长款状态：穿2，已洗无明显瑕疵默认官瑕微瑕包邮非偏远，售出不退换，可直拍  ,280   ,link: ,https://www.goofish.com/item?id=909745853671&categoryId=201509401
线球猫原创lolita漫步云端jsk L码全新仅试 一次吊牌没拆，含围裙手袖，有背后的蝴蝶结，包非偏远可小刀  ,210   ,link: ,https://www.goofish.com/item?id=909885144632&categoryId=201509401
【宝石之冕】韩菇凉~原创设计Lolita洋装doll感jsk 吊带连衣裙夏季改地址5.2发完不用提确有sml3条都是黑金  ,198   ,link: ,https://www.goofish.com/item?id=908714858674&categoryId=201509401
天鹅湖小码洛丽塔裙，不过质量很好，只穿过一次，蓝白色款，蝴蝶 装饰，收腰显瘦，适合春夏穿着成色新，无瑕疵，非质量问题，不退不换，运费自理  ,188   ,link: ,https://www.goofish.com/item?id=908298724726&categoryId=126860305
线球猫原创桃花坞op洛丽塔连衣裙，S码。中华风lolita， 粉色系，超美日常国风lo裙 有官配发带 腰带 穿一拍照然后一直放着状态很好  ,188   ,link: ,https://www.goofish.com/item?id=909935924660&categoryId=126860305
标价包邮出 梅子树 纯恋心语 古早感doll感 Lolita 珍珠吊带裙 jsk姬袖 原价183 l码 全新 只有衬衫#Lolita 内搭  ,165   ,link: ,https://www.goofish.com/item?id=909225729702&categoryId=126860305
心动玩偶家的小芙蝶 L码 全新仅试穿 图片什么样发过去就什么样 单裙子jsk+项链+小礼帽 不包手续费 捆绑致歉 标价要捆绑列表100元以上的  ,330   ,link: ,https://www.goofish.com/item?id=842953419370&categoryId=126860305
BerryParty莓果派对 罩裙 绘本少女lolita 初版 图形图色，仅试穿均码  ,198   ,link: ,https://www.goofish.com/item?id=909726689964&categoryId=126860305
小花园*浪间迷梦*OP，全开襟优雅短袖连衣裙，Lolita风 格。浅藤紫色，M码，全新，仅试穿过，成色几乎全新，吊牌已剪。不退不换，包邮非偏远。喜欢的宝宝可以直接拍下，  ,130   ,link: ,https://www.goofish.com/item?id=909724181015&categoryId=126860305
星芙颂原创lolita 华丽款正腰花嫁雪歌如倾 是收回来的，不过一次没有穿过  ,189   ,link: ,https://www.goofish.com/item?id=909437097101&categoryId=201509401
虎斑猫蓝三段 m码 有手袋 别的都没有，别的都没有 单裙子和手袋 无瑕疵无购买记录 包正，看内标 不要问一些有的没的，诚心想要再来问实物图 没瑕疵 洗干净了没穿过  ,160   ,link: ,https://www.goofish.com/item?id=909092018394&categoryId=126860305
出高定如心次抛裙 s码，穿着去了一次迪士尼很配！ 包括绶带，肩带，大蝴蝶结  ,150   ,link: ,https://www.goofish.com/item?id=908477267262&categoryId=201509401
出/忧郁的水母M码 哥特风连衣裙 长袖 全新仅试穿，无污渍无破损，吊牌还在送一个可以一起搭配的发箍（价值十几块的！不是烂货！）包非偏远每天中午可以寄出不刀了 可以蹲降价  ,220   ,link: ,https://www.goofish.com/item?id=908959679145&categoryId=126860305
韩菇凉恋与心悸s码全新仅试穿有吊牌 标价裙子加内搭加小物可直拍包邮不包手续费  ,178   ,link: ,https://www.goofish.com/item?id=908988375383&categoryId=126860305
罗塞蒂的玫瑰JSK 印花小高腰cla优雅lolita连衣裙 借图出如图一套的古早lo 单jsk S码(无背后抽带)+内搭均码只出不换，二手物品默认微瑕售出不退不换#Lolita  ,188   ,link: ,https://www.goofish.com/item?id=897067638441&categoryId=126860305
出/只换lo 栀子原创 浮花游记jsk日常优雅温柔Lolita蓝色单jsk有胸花。穿一洗一上身图私。三句内包邮  ,150   ,link: ,https://www.goofish.com/item?id=909993744417&categoryId=201509401
ag葡萄园 m码 alice girl 葡萄庄园 全新仅试3分钟，吊牌备用扣都没拆没剪 op➕假领➕围裙➕领口蝴蝶结 打包产物，不是很适合我，便宜出 包邮包sxf 身陷参考： 胸穿内衣87，腰72 我穿腰略大  ,272   ,link: ,https://www.goofish.com/item?id=904285906235&categoryId=126860305
爱神之约吊带款洛丽塔裙，急出！配饰和拖尾都在，几乎全新，就穿 着拍照啦。S码，成色几乎全新。现货，喜欢的姐妹赶紧下手哦～不退不换，售出前会仔细检查。感兴趣的快来私聊吧！拍前可录视频。成色:几乎全新｜尺码:S｜出售状态:现货  ,200   ,link: ,https://www.goofish.com/item?id=910182036983&categoryId=126860305
白糖少女小祈星 M码 大全套 去年买了一直没穿过，拆出来过，有飞机盒，但飞机盒有点破损！！裙子很可爱，但是现在迷上别的风格了，爽快可包邮，概出不退噢！私我可看状态图  ,168   ,link: ,https://www.goofish.com/item?id=909962988038&categoryId=126860305
芙蝶之心 芙蝶结原创洋装jsk日常轻lolita公主连衣裙赠 裙撑包邮  ,210   ,link: ,https://www.goofish.com/item?id=906569956074&categoryId=126860305
【出/换】puff泡芙原创设计卡米丽娅lolita裙子 lo 裙白色m码 仅穿一次几乎全新 jsk送小礼帽头饰 不包sxf 科幻  ,188   ,link: ,https://www.goofish.com/item?id=909712812815&categoryId=201509401
事儿妈别烦我了求你了。单裙子没有小物，没有吊牌。原飞机盒不在 ，可用别的飞机盒装。昭和doll第一批深粉色常规款lolita洋装，L码，因为有换码，穿一，裙摆有一处微瑕（吃饭滴了一滴油，不明显，我现在找不到位置在哪，因为真的不明显，介意可自己干洗），因为找的代拍有30r代拍费，所以328原价自刀30r...  ,298   ,link: ,https://www.goofish.com/item?id=908862161585&categoryId=126860305
忘记这个群子叫什么了很久以前买的啦 当时是398买的 现在2 00出 但是要月底才能发货 还可以继续刀 急出 非偏远地区包邮#聊得来可小刀 #Lolita  ,200   ,link: ,https://www.goofish.com/item?id=908777039776&categoryId=201509401
出小黄油家喵喵物语 压箱底?（）产物，，仅试穿，无吊牌飞机盒标价含裙撑，不要减15半包非偏可直拍，周日发货想要更多细节的宝宝可以问我  ,155   ,link: ,https://www.goofish.com/item?id=909546885013&categoryId=126860305
#裙子 霜糖甜心L码姐姐 正腰款 jsk 猫芮可 室内穿过一次拍照下了一次水 有小物 到手如图 拒绝到手刀，可拍视频 裙子内部有商家标签 爽快的宝宝送小礼物 只出不换  ,179   ,link: ,https://www.goofish.com/item?id=907049441388&categoryId=201509401
【全新现货】黑色条纹千层Lolita心动玩偶纯色千金风lol ita裙可爱蛋糕风洋装全新包邮#Lolita 【实体店全新现货】#lolita裙 黑 / 粉OP➕边夹 269 黑 / 粉OP➕边夹➕接袖 299 黑 / 粉OP➕边夹➕蛋糕帽 299 黑 / 粉OP➕边夹➕蛋糕帽 ➕接袖 ...  ,259   ,link: ,https://www.goofish.com/item?id=904007574922&categoryId=201509401
兔莓礼盒jsk 北极星国牌Lolita L码大全套 正品现货兔莓礼盒—北极星国牌Lolita原创洛丽塔JSK大全套周年款北极星polaris lolita有官配内搭 兔耳朵发夹 蝴蝶结kc 手袖前娘穿一我仅试穿实拍如图 状态如图中所见没有吊尸和飞机盒（前娘没有给我）不退不换❗️❗️默认有瑕 接受的再拍裙子和内搭状态挺好的，兔耳朵蝴蝶结边边不知道是什么（画出来了），kc有点黄（背后那边画出来），手袖上那个不知道是什么这些都是我收到手就有的瑕 具体不清楚爽快的宝宝塞小礼物  ,180   ,link: ,https://www.goofish.com/item?id=910161552643&categoryId=126860305
【出】白糖少女家蔷薇物语蓝色S 蓝色S，有裙撑拖尾，手袖，还有自配KC，状态还是蛮新的，穿过一次去海边，可小刀  ,150   ,link: ,https://www.goofish.com/item?id=909323321476&categoryId=126860305
【全新现货】破碎熊日系甜美地雷系蝴蝶结肩部蕾丝收腰长袖连衣裙 百搭ins短裤子套装女全新现货包邮#Lolita #lolita裙 【全套出售】黑色连衣裙+花边短裤 【尺码】S M L XL （点击购买查看详情） #春季出游穿搭 [五角星]肩膀是黑色蕾丝非常独特，日系地雷水手蝴蝶结连衣裙非常可...  ,149   ,link: ,https://www.goofish.com/item?id=904127781205&categoryId=126860305
少女椰子暮色歌集 春夏套装黑色蕾丝吊带+灰色针织开衫+短款半裙穿过一次 开衫吊带L 裙子M正版有购买记录标价出  ,310   ,link: ,https://www.goofish.com/item?id=908989475327&categoryId=126860305
「包邮」仲夏物语格子狂想曲海军op NDC玻璃纸之夜 仲夏物语lolita 格子狂热 圣诞新年苏格兰红格lolita 格子狂想曲海军领op，s 九新，衣服配件齐，默认微瑕 直拍包邮非偏远 闲鱼币只是曝光请勿抵用！ 洛丽塔 连衣裙 玻璃纸之夜 格子狂想曲 海军op  ,199   ,link: ,https://www.goofish.com/item?id=907060554174&categoryId=126860305
【两件套 】仲夏物语草莓天使罩裙jsk华丽款jsk内搭柠檬针 织开衫Lolita裙买裙子送内搭定金，定金可以不提确，尾款代付，这个月月底补尾款  ,137   ,link: ,https://www.goofish.com/item?id=909998556908&categoryId=126860305
意笑蔷薇现货执事JSK亚文化甜辣纯欲温柔芭蕾Lolita连衣 裙 M码 全套【粉色裙子➕脖饰➕手袖➕裙撑】正品❗️正品❗️正品❗️冲着不用等工期买的，收到手质量还不错，但有新爱了这套就不感冒了。 全新低价出❗️ 不讲价❗️ 那些想占小便宜的请左转 爽快包邮，发货前可指哪拍哪，事妈勿扰 闲置物品售出不退...  ,225   ,link: ,https://www.goofish.com/item?id=902303625644&categoryId=126860305
韩姑凉宝石之冕lolita裙子 全新未穿 标签在 红色S码 标价包邮 现货飞机盒在 未下水 可私我看状态拍下立马发货  ,225   ,link: ,https://www.goofish.com/item?id=910275188714&categoryId=126860305
原价260 只穿过一次逗酱原创Lolita皇冠加冕成人礼花嫁 婚纱绣花蕾丝华丽长纱裙连衣裙 有裙撑和大蝴蝶结  ,180   ,link: ,https://www.goofish.com/item?id=909870940872&categoryId=126860305
白糖少女蔷薇物语l码大全套 有手袖拖尾jsk和kc只在室内试穿过一次，没有穿出去过。爽快送小礼物包邮包手续费  ,158   ,link: ,https://www.goofish.com/item?id=909728913228&categoryId=201509401
里雾诗粉色蛋糕公主裙S码，几乎全新！ 对象给买的，不太喜欢出门穿这个。春夏法式重工蓬蓬连衣裙，适合小个子穿。没穿多少 可以私聊看实拍不是正的啊 平替的啊 我不太懂 直接出了  ,160   ,link: ,https://www.goofish.com/item?id=909755229796&categoryId=126860305
恋恋笔记本/锦织园家的 M码（裙子没有穿过，洗过一次） 吊牌被我摘了不见了哦 裙子的配饰都在图里，没有装上去 实物要粉一些，光线拍出来比较冷  ,229   ,link: ,https://www.goofish.com/item?id=905345062763&categoryId=126860305
仲夏物语 钥匙爱丽丝 Run Alice s码lolita 标价衬衫➕裙子 无小物 瑕疵如图（裙摆有黄渍，内衬也有黄渍，胸前一点蕾丝发黄，裙摆处有一点笔渍，左边袖子有污渍，领口一点污渍）已经机洗过一次了可以直接穿 介意的可以拿爆炸盐泡一下 两件包邮 拍下不退不换详细页面说过的不会再回答第二次  ,199   ,link: ,https://www.goofish.com/item?id=909348066227&categoryId=126860305
现货包邮 绝版lo♥给少女与梦 小甜心之作 标价是一套（op+发带）裙子酒红色xl码，全新没穿过，有吊牌状态如图，个人没发现什么瑕疵的地方。确定要的话，拍下付款后可以找我拍局部细节图或者视频，指哪拍哪已大刀，不接受到手刀现货，可以直拍，当天发#Lolita #洛丽塔 #洛丽塔服饰  ,165   ,link: ,https://www.goofish.com/item?id=798201487033&categoryId=126860305
Angels heart银河系列lolita长袖OP裙，退坑 出了如图情况只有kc 所得即所得要搬家了出点东西质量是挺好的，以前的款来说，这个质量算是好的，蕾丝很漂亮东西也很新，我一直放的挺好的，但是微瑕应该不可避免所以先默认一下便宜出了  ,200   ,link: ,https://www.goofish.com/item?id=908958655200&categoryId=126860305
+CoralApril+++星河十字lolita+蕾丝蝴蝶结 +绑带连衣裙op 飞机盒好像在 有紫色两个边夹 m码可提供购买记录 可搭配渔渔家的罩帐 可送  ,143   ,link: ,https://www.goofish.com/item?id=903627101429&categoryId=126860305
出 lo裙 灰屿 黑鹂 短款op L码 cla系 买回仅试穿一次，吊牌已拆但是还在，适合春秋季，有内衬 本人身高170，裙长到小腿，其他尺寸参考尺码表 用料很厚实重工的裙子 邮费包首重，续重直转  ,151   ,link: ,https://www.goofish.com/item?id=908005097090&categoryId=201509401
熊啃猪蹄落暮蔷薇芭蕾原创Lolita m码洗一穿一 酒红色裙子本体配件齐全实物颜色更深一点酒红色送自配大玫瑰头饰 运费转账 当天收货返一半运费当天秒发  ,220   ,link: ,https://www.goofish.com/item?id=907851494388&categoryId=126860305
【花颂诗】~白糖少女原创设计Lolita洋装doll感甜美j sk吊带连衣裙 全新未拆封 全新！全新！ L码 可私信看状态 爽快宝宝可包邮送小礼物  ,205   ,link: ,https://www.goofish.com/item?id=903267562297&categoryId=201509401
巴朵妮兰蒂蔷薇洛丽塔S码九成新199 感兴趣的话点“我想要”和我私聊吧～  ,199   ,link: ,https://www.goofish.com/item?id=909757089444&categoryId=201509401
送自配小物 花与爱丽丝*原创lolita爱丽丝JSK连衣裙， L码。 JSK吊带裙，颜色baby蓝，爱丽丝主题 拍照片穿过一次，状态好 个人闲置，清衣柜低价出 下单默认不退不换，介意勿拍。 有兴趣的宝宝可以私信我看实拍哦！ 送一个发箍，一件泡泡袖衬衫  ,149   ,link: ,https://www.goofish.com/item?id=908423599048&categoryId=201509401
兔兔陷阱甜美软萌可爱甜妹doll感日常春秋轻lolita连衣 裙 飞袖版s码 含手袖 腿套 围裙送一个头饰【❗】微瑕 有瑕疵 衣服两旁的扣子很松 断了 可以自补 围裙有别针 可以直接扣上去不影响腿套容易脏 已机洗 有点污渍所以大砍 介意勿扰  ,200   ,link: ,https://www.goofish.com/item?id=909070406303&categoryId=201509401
pink木棉少女芭蕾女孩洛丽塔优雅轻花嫁荷叶边lolita四 段式大拖尾白色 应该是m码 裙子+大拖尾前娘穿一我穿一洗一 洗状态良好包邮出  ,130   ,link: ,https://www.goofish.com/item?id=909822025366&categoryId=126860305
刘佳仪cos服 惊封 自搭的裙子和帽子 少女杀手原创lolita连衣裙黑色L码 含腰带腰链  ,150   ,link: ,https://www.goofish.com/item?id=908552922744&categoryId=126860305
小能熊lolita大小姐s码，裙子+背后大蝴蝶结+小边夹。仅 试穿。未成年勿拍，二手不退不换。  ,200   ,link: ,https://www.goofish.com/item?id=909788708979&categoryId=201509401
milk 大草莓 借图 裙子草莓的部分可能会有一点染色，然后年代比较久远，大概八成新的样子  ,178   ,link: ,https://www.goofish.com/item?id=909075326706&categoryId=126860305
圆点点●原创定制●莎莉花园3.0 lolita春季花墙高腰鱼 骨半裙SK女●M码，灰绿色粉玫瑰sk，穿二洗二，非偏远地区包邮可换可补差，换请带图戳～  ,200   ,link: ,https://www.goofish.com/item?id=908965339787&categoryId=126860305
【小桃气】人间水蜜桃·甜美蕾丝蝴蝶结小千金lo lita连衣裙全新 S码 只拆开看过没有穿过也没有洗过 现在有点缺钱所以想出掉  ,206   ,link: ,https://www.goofish.com/item?id=910173608037&categoryId=126860305
【出】北极星家猫与向日葵蓝色jsk几乎全新，状态很好，仅隔着 内搭穿了一小会  ,140   ,link: ,https://www.goofish.com/item?id=909551917095&categoryId=201509401
【 暧昧温度jsk】WP原创设计千鸟格呢子毛绒拼接lolit a连衣裙冬 L码 一套都有全新带吊牌后期如果拍正片应该会搞个假发博爱党可以来问问，可租可换可售租30/3天，换200，售150包邮（也可单出）  ,150   ,link: ,https://www.goofish.com/item?id=698359894214&categoryId=126860305
［出］四月coLine原创设计 薄巧少女 刀出包邮出 s码穿过一次，有蝴蝶结 帽子 围裙 无kc，有飞机盒，洗好才发，可询  ,230   ,link: ,https://www.goofish.com/item?id=909937064989&categoryId=126860305
黑紫哥特式吊带连衣长裙 仿真丝两件套 裙子上下紫色和黑色部分是两件分开的 含裙撑穿一隔着p2内搭穿的标价只含p1裙子两件套如需p23内搭和帽子+100r实物挺好看的裙摆很大 颜色比图上深都是m码  ,190   ,link: ,https://www.goofish.com/item?id=909216622378&categoryId=126860305
布偶心事本Lolita黑麻麻 s码裙长110 穿一洗一 感兴趣的话点“我想要”和我私聊吧～  ,230   ,link: ,https://www.goofish.com/item?id=909065287978&categoryId=126860305
线球猫浆果丛林L码op洛丽塔裙 裙子很有分量，衣服无痕，穿过一次拍照后一直挂着。配件蝴蝶结齐全，裙子是红色款，适合春游逛街穿，日常搭配也很可爱。有需要的小伙伴赶紧下单，爽快拍下送小礼物～  ,155   ,link: ,https://www.goofish.com/item?id=910267076052&categoryId=126860305
出里雾诗红玫瑰L码，前娘穿一洗二我没穿，因为一起收了里雾诗家 三条，尺码大了，所以只能全部出掉，洗干净了拿到手可以直接穿，新批次裙子和胸花上都有白色蝴蝶结防伪标，裙摆有抽丝，发货前指哪拍哪 不包手续费  ,305   ,link: ,https://www.goofish.com/item?id=909373642880&categoryId=126860305
爱丽丝姐姐 加小码 有罩纱 蝴蝶结 仅试穿 飞机盒不在 感兴趣的话点“我想要”和我私聊吧～  ,200   ,link: ,https://www.goofish.com/item?id=908857014469&categoryId=201509401
Alicegirl-山茶花开时 s码，本体+罩+边夹+胸口的 夹子#lolita连衣裙 #蕾丝打底衫 #姐姐专属浪漫风  ,215   ,link: ,https://www.goofish.com/item?id=909815389106&categoryId=126860305
【AH 天使之心】丝绒蛋糕华丽款。 粉红配色，S码，定金页面原创设计，袖子是高弹绉布料。裙子+bnt，s码。等太久了拔草了原价出不包手续费。手续费已经包含在链接了尾款代付、可以不提确但是不能跑单  ,212   ,link: ,https://www.goofish.com/item?id=909070011162&categoryId=126860305
想收一件粉色冶田团治正版熊古力 标价收 感兴趣的话点“我想要”和我私聊吧～  ,230   ,link: ,https://www.goofish.com/item?id=908766107586&categoryId=201509401
小缎带·常规版op LilithEye原创 Lolita大裙 摆连衣裙M码长款全新不包手续费  ,200   ,link: ,https://www.goofish.com/item?id=908962691295&categoryId=126860305
【和风爱丽丝:小春日和op】withpuji原创设计 lol ita洋装宽松春季 只穿一外出拍照2小时，吊牌，小物齐全，拍完照回来立马就装好了，还有全新衣服的味道，甚至衣带几乎没有褶皱  ,190   ,link: ,https://www.goofish.com/item?id=907021763097&categoryId=201509401
收暮眠小镇lolita裙暮眠诗单op 黑咖或者蓝色 感兴趣的话点“我想要”和我私聊吧～  ,220   ,link: ,https://www.goofish.com/item?id=909966796542&categoryId=126860305
粉jsk加姬袖s码 【椿樱序曲】韩菇凉~原创设计Lolita洋装甜美jsk吊带连衣裙女春季 穿一拍照出，没有买她家飞机盒用其他的给你发，标价不包邮  ,190   ,link: ,https://www.goofish.com/item?id=909278797507&categoryId=201509401
放羊的西西原创樱桃小羊刺绣op 可爱显高显瘦轻lolita连 衣裙。小码的.➕bnt穿了一次拍照已经洗好烫好.喜欢的可以找我拍视频确认！拍下发货不退换.  ,168   ,link: ,https://www.goofish.com/item?id=909347434850&categoryId=126860305
【99新】只穿过一次 渔老板家粉绿连衣裙小芭蕾优雅lolit a，状态很好（送内搭+拖尾大蝴蝶结+小物小蝴蝶结头饰没有夹子）腰间做了鱼骨质量很好爽快的宝宝顺丰包邮  ,160   ,link: ,https://www.goofish.com/item?id=909026839453&categoryId=126860305
代友出洛丽塔公主裙l码仅穿一 感兴趣的话点“我想要”和我私聊吧～  ,170   ,link: ,https://www.goofish.com/item?id=910194960910&categoryId=126860305
暹罗猫原创Lolita洛丽塔甜美印花背带可拆卸sk一套衣服➕ 背带，送同款半裙，算孤品绝版了市面上要找不到了，sk s码，衣服也是s，但是m也能穿，送的裙子是m码，爽快送一对蓝粉熊夹头饰♡爽快包♡可直拍  ,200   ,link: ,https://www.goofish.com/item?id=909959780803&categoryId=126860305
闲置出。【破碎娃娃OP】桃桃苏打原创Lolita 裙子＋发带＋背后大蝴蝶结＋南瓜安全裤二手物品售出不退不换。  ,200   ,link: ,https://www.goofish.com/item?id=909555837439&categoryId=201509401
【花颂诗】～白糖少女原创设计jsk吊带裙+背后蝴蝶结M码黑粉 色衬衫内搭（可凡仙女）送蝴蝶结M码几乎全新，穿一次，衬衫不是同一家，当时赶时间要，但是白糖少女家的黑色布料缺少，所以换了一家已洗不接受退货退款，谨慎拍发带，裙撑是自己买的单品，可来咨询  ,240   ,link: ,https://www.goofish.com/item?id=909962564070&categoryId=201509401
KittyBxllet原创【凛凛楪】量产型暗黑假两件衬衫连衣 裙套装 白 m 改良版 穿一洗一随缘出后面有丝带用来收腰无开箱视频不售后可走zz，包邮  ,130   ,link: ,https://www.goofish.com/item?id=910214952957&categoryId=126860305
[出 恋与心悸]韩菇凉~原创设计Lolita洋装doll感j sk吊带连衣裙春季s码，室内穿过一次。单裙子无尾翼无飞机盒要内搭➕35元，内搭是自搭的。可送头饰，要的话说一下就行包u 拍下的话星期天发货（因为是学生在学校）先问好再拍哦  ,135   ,link: ,https://www.goofish.com/item?id=910259536211&categoryId=126860305
线球猫家的薄荷少女s码 大全套有上衣+裙子+手袖+项链+拖尾+花丸穿一洗一，飞机盒破损，已丢掉了介意勿拍，只出不换  ,215   ,link: ,https://www.goofish.com/item?id=909588193158&categoryId=126860305
原价出第一批s码艾莉尔蓝色jsk+围裙+bnt+蓝色雪纺姬袖 五月尾款  ,195   ,link: ,https://www.goofish.com/item?id=908991591190&categoryId=126860305
预出【十字心结】韩菇凉~原创设计Lolita洋装doll感甜 美jsk吊带连衣裙 jsk➕斗篷 s码 已发货，到货不喜原价出，不包邮送图3发箍  ,249   ,link: ,https://www.goofish.com/item?id=906282471541&categoryId=126860305
【和风爱丽丝:小春日和op】withpuji原创设计，Lol ita洋装裙子本体+腰封+大蝴蝶结 ，M码，几乎全新，试穿过一次，放心购买。有意者请私聊。150包邮  ,150   ,link: ,https://www.goofish.com/item?id=875958500524&categoryId=201509401
灰姑娘预备役OP+古典玩偶+lolita连衣裙 s 码有吊牌全新  ,330   ,link: ,https://www.goofish.com/item?id=909233042722&categoryId=126860305
【正品高定】Poshepose如心小奶熊裙，穿一洗一，可议价 可换。奶绿粉色调，无黄色污渍，无体香体臭，穿时有自带内衬无汗渍身体乳  ,240   ,link: ,https://www.goofish.com/item?id=892622262598&categoryId=126860305
原创正品优雅Lolita裙日常op茶会款cla轻花嫁洛丽塔夏 季连衣裙女（正版裙子已下架）生日穿过一次 送裙撑和项链 包邮喜欢的小宝可以小窗看裙子细节m码 主包身高158 体重100 穿m刚刚好一律售出不退不换  ,180   ,link: ,https://www.goofish.com/item?id=910255384454&categoryId=201509401
出全套绝版花嫁 [AA lolita fashion] 小南烛系，花嫁jskjks＋内搭＋有花发带＋2条项链＋手套＋扇淡粉色默认有瑕疵。状态如下。m的。包邮  ,251   ,link: ,https://www.goofish.com/item?id=651906884288&categoryId=201509401
出泡芙家复刻美乐蒂裙，一团的s码，这两天应该就发货了，尾款已 补可以直接改你地址，录屏改完你地址后需确认收货，信誉可查，不用担心被骗，红薯改地址电话你也会收到短信•ᴥ• 出不掉自留  ,180   ,link: ,https://www.goofish.com/item?id=909747785486&categoryId=126860305
爱神之约Lolita xs 挂脖款有拖尾 两个蝴蝶结发夹视频是实物裙撑+30鞋子也有35码  ,160   ,link: ,https://www.goofish.com/item?id=909763845606&categoryId=126860305
实体店现货全新正品小哎曲原创lolita长蘑菇啦JSK OP 可爱花苞裙双型秋冬白菜萝Lolita 版型：jsk、op 颜色：红白小蘑菇 尺码：S-2XL（具体尺码看最后两张尺码表、不做尺码推荐） 价格：set（裙子本体➕围裙➕蘑菇帽➕手袖➕项链➕边夹）291 单裙子➕围裙198（目前没货了只有set...  ,198   ,link: ,https://www.goofish.com/item?id=883004717893&categoryId=201509401
甜梦恋曲Lolita 背带 甜心教主sweet原创设计 全新，带吊牌，m码，120斤也能穿，胸围没有限制，腰围可以穿到100 带糖果小边夹 爽快下单送小礼物  ,180   ,link: ,https://www.goofish.com/item?id=909505613008&categoryId=201509401
【出】线球猫原创lolita浆果丛林op可爱doll感洛丽塔 日常lo裙有kc  ,229   ,link: ,https://www.goofish.com/item?id=910197596009&categoryId=201509401
猫了个猫原创现货羊羊圆舞曲jsk背带柄图公主裙洋装洛丽塔甜美 感兴趣的话点“我想要”和我私聊吧～送jk送鞋子送lo  ,135   ,link: ,https://www.goofish.com/item?id=858547051505&categoryId=201509401
花神Lolita二团 收到不喜出 有小礼物不包sxf 邮费 走zz  ,199   ,link: ,https://www.goofish.com/item?id=883663954610&categoryId=201509401
11月颂歌op，有bnt，腰带 白色内里有正常氧化发黄不影响外观，可以送去干洗店处理科幻一切都可以来问问  ,188   ,link: ,https://www.goofish.com/item?id=884414460620&categoryId=201509401
➗恋与心悸 仅在室内拍照 无暇 发出去钱给你看细节原价268 .88 m码有内搭  ,220   ,link: ,https://www.goofish.com/item?id=909032791918&categoryId=201509401
夏与星河lolita原创设计 小天鹅 op 连衣裙 S码大全套，所有配饰都有，穿二洗一  ,130   ,link: ,https://www.goofish.com/item?id=859827895772&categoryId=126860305
NSData 洛丽塔风格，九成新，配有裙撑。粉蓝色系，适合夏 季。无盒，轻微穿着痕迹，M码。可小刀，包邮。售出不退不换。感兴趣的话点“我想要”和我私聊吧～  ,166   ,link: ,https://www.goofish.com/item?id=909287242987&categoryId=201509401
“破碎玫瑰”s码一整套【可直拍】 品牌：ALITTLE 乱糟糟尺码：s颜色：棕色一整套包括裙子，外搭和脖子上的装饰，整套都是s码，短穿一已清洗，有购买记录，包邮立发  ,199   ,link: ,https://www.goofish.com/item?id=909965056042&categoryId=126860305
退坑出婴梵塔家娃娃部屋lolita,买来穿过5次左右，一直挂 衣柜了，新旧程度如图，可以私聊拍细节  ,150   ,link: ,https://www.goofish.com/item?id=908458955537&categoryId=201509401
出/换码 线球猫原创lolita小森林op可爱doll洛丽 塔jsk日常连衣裙lo裙，腰带被别针扎过，蝴蝶结扎在领口处了，op+草帽，换同款l码或者xl  ,220   ,link: ,https://www.goofish.com/item?id=909322542382&categoryId=201509401
你别睡尾单 高定如心 L码 缎带舞曲 蕾丝蓬蓬蝴蝶结层叠蛋糕 连衣裙 仅试，然后洗了就一直挂着了，日常没穿lo，导致洗了之后没啥机会穿 你别睡家的瑕，了解后再拍  ,149   ,link: ,https://www.goofish.com/item?id=820817031351&categoryId=201509401
[现货]bodyline天使女仆绀色一套 有s码、m码、l码，不推荐尺码，不包品控拍下默认不退不换只有绀色不代其他颜色，信誉看评价包括：裙子、围裙、裙撑、头饰第二批是现货、拍下早当天发，第三批优惠预约中，可以直接拍  ,328   ,link: ,https://www.goofish.com/item?id=846129783455&categoryId=126860305
芝士猫小姐 s码 只穿过一次拍照 大全套 无原装飞机盒 拍下 即可发货 不包邮  ,240   ,link: ,https://www.goofish.com/item?id=882542543758&categoryId=201509401
【出】草莓天使华丽款jsk 仲夏物语lolita 如图白色一套 尾款代付，标价可直拍 定金跟裙子走实际物流，无需提确  ,181   ,link: ,https://www.goofish.com/item?id=909844440483&categoryId=126860305
定金限定黑巧美式甜心Lolita蜜桃白茶原创设计XS码，全套 包含JSK+蝴蝶结choker+蝴蝶结拖尾+猫耳边夹+黑色缎面手套 有意向金可直拍  ,150   ,link: ,https://www.goofish.com/item?id=910114256578&categoryId=126860305
六团尾款 | 原创Lolita星之月OP/jsk优雅CLA系 丽塔公主裙洛连衣裙包邮只试穿过一次 一直雪藏在衣柜里保存的很好腰带 胸口的蝴蝶结都在 私聊可看实物图m码 身高155-170 体重95-120可穿发货快  ,145   ,link: ,https://www.goofish.com/item?id=747005790079&categoryId=126860581
【出】来信与诗，仅试穿，很早之前买的，减肥了这条l码的有点大 了，有飞机盒，半包邮，可砍价，看清楚下单  ,155   ,link: ,https://www.goofish.com/item?id=805957346592&categoryId=201509401
出喵果森森塔娜庄园lolita，s码，红色复古长裙，超美！裙 子本体自带链子和玫瑰花装饰，闲置太久清理衣柜出，放着也是浪费，便宜出。包正品，放心购买。同城可自取，售出不退不换。  ,230   ,link: ,https://www.goofish.com/item?id=908022613485&categoryId=126860305
暂挂3团条纹千层，l码，粉色op➕接袖➕集赞kc，到手仅试穿 不喜出  ,315   ,link: ,https://www.goofish.com/item?id=909913932465&categoryId=126860305
【恋与心悸】韩菇凉~原创设计Lolita洋装华丽花嫁jsk➕ 粉内搭 喜欢的可以冲免费➕裙撑一个[ok]  ,245   ,link: ,https://www.goofish.com/item?id=909833848855&categoryId=201509401
麻菟菟原创 奶芙甜心短袖op中古doll感lolita连衣裙 甜美洛丽塔可以小刀 我没穿过几次主要是穿着拍照 现在不穿lo 了所以出掉  ,160   ,link: ,https://www.goofish.com/item?id=725238180607&categoryId=126860305
尾款出 【四个柠檬】*小小草莓* 田园风刺绣可爱连衣裙，S码 ，短款，有刺绣。穿过两次，轻微穿着痕迹。感兴趣的话点“我想要”和我私聊吧～爽快包邮  ,130   ,link: ,https://www.goofish.com/item?id=909823429077&categoryId=126860305
甜心缎带 （芭蕾风lolita） m码jsk 仅穿一次有意的宝宝可私聊  ,240   ,link: ,https://www.goofish.com/item?id=909717453985&categoryId=201509401
出裙子 全新 感兴趣的话点“我想要”和我私聊吧～  ,151   ,link: ,https://www.goofish.com/item?id=906637031890&categoryId=126860305
【出】小能熊Lolita洋装 奶味泡芙 黑色 xl码 仅穿一 已经洗香香了 缺钱出 已绝版 裙摆超大 超级可爱 doll满分 邮费zz 借tag 四时花 深海医院 小缎带 bbd 杏树 昆虫记 古董人偶 雾隐花 圆舞曲 里雾诗之春 贝壳 瑞本兔 奶油金 塔莉 夏蔷薇 摇篮曲 cr  ,160   ,link: ,https://www.goofish.com/item?id=900915474816&categoryId=126860305
先挂着，等补尾款不喜值出#Lolita #Lolita风 # 春日断舍离  ,165   ,link: ,https://www.goofish.com/item?id=909203721546&categoryId=201509401
出立刻和我恋爱花苞裙，粉色，全新仅试未下水，标价包邮非偏远， 送小礼物 出出出，会包装好，不太适合我  ,145   ,link: ,https://www.goofish.com/item?id=908470491063&categoryId=126860305
原创Lolita洋装 清新格纹拼接，长裙大摆，M码有绿色蝴蝶结，袖子上有白色细丝带颜色是米黄色和绿色组合仅试穿 适合春秋季穿不刀，售出不退不换感兴趣的朋友可以私聊我~ 已经绝版 感兴趣找我 给你拍细节  ,160   ,link: ,https://www.goofish.com/item?id=909047759443&categoryId=126860305
【忠诚的战车op】withpuji原创设计 军风系Lolit a裙 披肩斗篷秋款S码op+斗篷+领带+官配小物+自搭帽子胸口口袋有一点抽丝，已洗当天发货  ,200   ,link: ,https://www.goofish.com/item?id=910174264739&categoryId=201509401
小欣原创设计甜蜜暴击lolita黑粉色s码 图片为苹果原相机拍摄，状态很好，仅室内穿一次p2为试穿～没有袖子啦ww搬家搬没啦所以便宜出有原盒，如果你买下了以后我在家里找到袖子惹我就免费送给你～～付个邮费就好啦  ,160   ,link: ,https://www.goofish.com/item?id=909046755790&categoryId=201509401
出爱丽丝姐姐裙子+罩纱 蝴蝶结都在 小码 仅穿一已经洗干净了 没有看出来有什么瑕疵默认微瑕 不退不换半包  ,140   ,link: ,https://www.goofish.com/item?id=909744473958&categoryId=126860305
蔷薇执事现货JSK亚文化纯欲温柔芭蕾粉黑色Lolita连衣裙 原版同款 全新现货包邮 #Lolita 【实体店全新现货】[火]有吊牌➕飞机盒 喜欢可直拍～货比较少～ #lolita裙 ❶裙子➕蕾丝项圈 198 ❷裙子➕蕾丝项圈➕猫耳头饰 208 ❸裙子➕蕾丝项圈➕...  ,198   ,link: ,https://www.goofish.com/item?id=904562975430&categoryId=201509401
初恋缎带蓝色Lolita全网最低价 视频实拍 裙子三点➕手袖➕颈饰➕大拖尾 仅穿一，介意可以洗干净再发 私信可看实物图 二手物品售出不退不换厂原介意勿拍 第二天发货  ,350   ,link: ,https://www.goofish.com/item?id=908267482347&categoryId=126860305
（急出包邮）星与小森林家的森林执事，S码短款，有裙子本体、围 裙。领结没有了，可能五一发货，裙子本体在家，有染色围裙，穿一洗一  ,240   ,link: ,https://www.goofish.com/item?id=909847253820&categoryId=126860305
出渔老板原创lolita家的恋爱曲蓝色s码 包含裙子本体＋拖尾＋衬裙（没有头纱）仅试穿几分钟未下水状态很好当天下午六点前拍下当天发只出不换  ,232   ,link: ,https://www.goofish.com/item?id=909324162824&categoryId=126860305
实体店现货 秋日虎虎 晚安了喵原创设计 黑色smXL裙子和小物 预约预约四月中下旬发 kc39腰间蝴蝶结39  ,198   ,link: ,https://www.goofish.com/item?id=874199144840&categoryId=126860305
退坑出蔷薇序曲sk甜心贩售机lolita原创裙哥特风洛丽塔狗 短lo裙圆舞曲 m黑色sk穿过三次已清洗 具体有什么见图 所见即所得 可以找我要细节图 可以直拍 不包邮不包邮！！邮费转账  ,199   ,link: ,https://www.goofish.com/item?id=909349922040&categoryId=201509401
羊羊圆舞曲，只穿过一次 xl码jsk裙子➕两边夹➕徽章➕内搭长袖衬衫➕裙撑  ,200   ,link: ,https://www.goofish.com/item?id=909084886362&categoryId=201509401
【出】桔梗house爱神之约原创lolita公主风特纯欲风挂 脖吊带短裙蓬蓬裙M码，黑粉色，挂脖款有拖尾只生日穿过一次爽快的话会送一条jk和鱼骨裙撑售出不退不换可直拍 不包邮默认到付可小刀  ,219   ,link: ,https://www.goofish.com/item?id=908967791976&categoryId=126860305
红玛丽水母樱姬 蓝白色单裙子和裙子上的蝴蝶结配饰[托腮]下面图片是实物，可以直拍不包邮不包手续费，飞机盒发货送一个自己diy的头纱[牛]#Lolita #洛丽塔  ,230   ,link: ,https://www.goofish.com/item?id=908919467331&categoryId=201509401
在夜莺博物馆买的lolita正腰鱼骨优雅拖尾生成色原创礼服连 衣裙，本来想给前女友的一个惊喜，但是她嫌我穷分手了，衣服不能退货了，挂闲鱼便宜卖了，L码的，加蝴蝶结，手袖一套  ,225   ,link: ,https://www.goofish.com/item?id=861008669364&categoryId=126860305
xd价白菜价lolita芭蕾兔op生成色s码 有轻微穿着痕迹，送花丸  ,149   ,link: ,https://www.goofish.com/item?id=908413667035&categoryId=201509401
古着vintage日系甜美气质少女天鹅芭蕾风挂肩吊带设计拼接 珍珠立体珍珠收腰大蝴蝶结网纱浮雕花纹微闪多层重工刺绣花边洛丽塔洋装可爱蓬蓬大裙摆千金公主奈奈风粉嫩礼服连衣裙#裙子超级美丽迪士尼在逃公主！  ,165   ,link: ,https://www.goofish.com/item?id=908937467858&categoryId=126860581
线球猫原创lolita薄荷少女sk套狗短可爱洛丽塔日常轻lo 裙加花丸  ,220   ,link: ,https://www.goofish.com/item?id=835505938845&categoryId=201509401
原创国牌中华风lolita银月改良旗袍中华娘女仆围裙少女套装 连衣裙可拆卖原创正品！保真保正！！S M L码数都有 全新有吊牌防拆扣标包含衣服上所有配件 厂家渠道直发 连衣裙＋裤子＋围裙＝245元连衣裙＋裤子＝229元  ,229   ,link: ,https://www.goofish.com/item?id=890912569995&categoryId=126860305
【星海烫金】lolita 加发带 忍痛割爱 jsk裙子 还有自己做的蝴蝶结费用不够买贝壳小姐妹看过来 贝壳平替版型很像贝壳 改成贝壳差不多 自带脖绳m码的 SL可以穿的上穿一洗一 烫金全新【有吊尸】可直拍+急出爽快包邮+送免费内搭爽快包邮 直接发 效率办事 【可直拍】【送】还送小礼物借烫金星座 皮皮螺我们走  ,249   ,link: ,https://www.goofish.com/item?id=908751027240&categoryId=201509401
白糖少女家爱恋序曲 s码穿1+原kc+不刀不换目前没发现任何瑕疵（半包邮）  ,180   ,link: ,https://www.goofish.com/item?id=910000548193&categoryId=201509401
春日纪Lolita！！！ 穿一洗一（我保管的很好哦宝宝）可私我看细节！包新的 宝宝们还包邮哦  ,205   ,link: ,https://www.goofish.com/item?id=909530677568&categoryId=201509401
裙子为Stasera今晚营业中熊猫女仆~有吊尸 可以出银魂神乐等 中华娘私设 送裙撑 有防尘袋  ,189   ,link: ,https://www.goofish.com/item?id=908026851111&categoryId=126860305
出m码原盒在家 可直拍现货没穿过全新  ,135   ,link: ,https://www.goofish.com/item?id=909068206536&categoryId=201509401
出芝士咩咩家的咩咩裁缝铺裙子➕旗子，原价243，现200包出 ，全新未试穿  ,200   ,link: ,https://www.goofish.com/item?id=837321661911&categoryId=126860305
rider家泡芙公主Lolita，裙子很新，s码 感兴趣的话点“我想要”和我私聊吧～  ,150   ,link: ,https://www.goofish.com/item?id=908812899940&categoryId=126860305
【玫瑰舞会】HecateLolita原创设计 jsk+背后蝴蝶结+手袖 穿一洗一 后面几张均为实拍图 不包邮 可直拍  ,300   ,link: ,https://www.goofish.com/item?id=908650939825&categoryId=201509401
【大刀出】可可甜心酱Lolita 【梦境芭蕾】 温柔纯欲氛围 cla芭蕾暗纹提花Lolita生成色分体裙s码➕自搭小礼帽➕自搭网纱内搭➕自搭生成色开衫，到手一起4个东西可直拍视频就是实拍，裙子外层的抽绳蕾丝花边腰围部分裂开了客服说外面是可拆卸，本身裙子比较脆弱，拍照我觉得不太影响，所以大刀了，能接受的再拍，无吊牌，穿1洗1，确定要私信可看360度展示视频，指哪拍哪，拍当天发，不包邮，包手续费  ,153   ,link: ,https://www.goofish.com/item?id=895511963084&categoryId=126860305
甜腻牛奶糖lolita 单裙子+发箍+配饰  ,140   ,link: ,https://www.goofish.com/item?id=794548122047&categoryId=126860305
出一条西瓜气泡水家的心动预告姐姐款早期裙裙标价包邮 买了就一直挂衣柜没穿过 寄出之前我会清洗一下 状态很好私我发状态  ,130   ,link: ,https://www.goofish.com/item?id=909034230560&categoryId=126860305
逗酱原创Lolita皇冠加冕成人礼花嫁婚纱绣花蕾丝华丽长纱裙 连衣裙 洗了没穿过  ,198   ,link: ,https://www.goofish.com/item?id=909876904406&categoryId=126860305
余生家的 拖尾 后面的蝴蝶结都有 388大全套 仅穿过一次 m码 码感兴趣的话点“我想要”和我私聊吧～  ,253   ,link: ,https://www.goofish.com/item?id=875184196664&categoryId=201509401
蕾蕾公主连衣裙op甜心屋原创设计Lolita黑粉 s码op几乎全新 默认微瑕邮费zz 爽快包邮二手商品不退不换不接受到手刀  ,280   ,link: ,https://www.goofish.com/item?id=909015127257&categoryId=126860305
出血液供给原创◆冥府之宴哥特立体玫瑰设计感重工提花十字架抹胸 裙只穿过一次可以送个外搭  ,199   ,link: ,https://www.goofish.com/item?id=908833346435&categoryId=126860305
韩菇凉星之恋曲绿色m➕飞机盒 只穿过一次拍照感兴趣的话点“我想要”和我私聊吧～  ,175   ,link: ,https://www.goofish.com/item?id=909848728804&categoryId=201509401
白色lo裙，L码，nildoll家 放挺久了，低价出，实物图私戳1.领口微瑕！2.胸口比较开阔介意勿拍，不包邮  ,240   ,link: ,https://www.goofish.com/item?id=909072619149&categoryId=201509401
【包邮】少女心愿少女恋心lolita全套s码 原价大全套328现220包邮出分体上衣+裙子+内搭+拖尾穿一洗一 爽快送小礼物  ,220   ,link: ,https://www.goofish.com/item?id=887950679863&categoryId=126860305
（收）借图收海边玩偶op粉色蓝色s码 带价可议 什么颜色尺码都可  ,300   ,link: ,https://www.goofish.com/item?id=901397115647&categoryId=201509401
出恋心结Lolita 穿一洗一 状态很好 s码 有积攒的发带 裙子的那些蝴蝶结小物都在 飞机盒 吊牌也在！不包手续 爽快的宝宝来  ,192   ,link: ,https://www.goofish.com/item?id=907131107672&categoryId=126860305
【现货】蔷薇执事 小欣原创lolita公主裙jsk亚文化纯欲 甜辣温柔芭蕾风生日裙 是原版的同款哦～ [五角星]有 XS S M L XL 2XL六个尺码可选哦～ [五角星]有粉色和绿色两个颜色供公主选择～ ①裙子+蕾丝项圈 198包邮 ②裙子+蕾丝项圈+猫耳头饰 208包邮 ③裙子+蕾丝项...  ,198   ,link: ,https://www.goofish.com/item?id=858096624643&categoryId=201509401
出恋与心悸蓝色jskM码有尾翼 仅试穿可直拍不包邮  ,160   ,link: ,https://www.goofish.com/item?id=909244162400&categoryId=201509401
【出】淘宝洛丽猫原创设计琉璃幻境，几乎全新，成人礼只穿了一次 洗了就放衣柜啦！（穿一洗一）包邮包含：- 生成色OP裙- 拖尾- 头花- 手袖- 项链是大全套哦品牌: 其他成色: 几乎全新尺码: XL出售状态: 现货拍下会再洗一遍再寄哦～感兴趣的朋友快来私聊吧！可直拍，会寄小物和吃的哦  ,190   ,link: ,https://www.goofish.com/item?id=901752731911&categoryId=126860305
血液供给原创◆冥府之宴哥特立体玫瑰设计感重工提花十字架抹胸裙 仅穿过一次压箱底了 应该是s码（具体码数可以私信我确认） 含胸花！ 胸花状态一般，被压瘪了，需要自己打理  ,189   ,link: ,https://www.goofish.com/item?id=908664383723&categoryId=126860305
梦孚子莉莉丝浅粉色Lolita连衣裙，少女风格，几乎全新，无 瑕疵。适合四季穿着 S码 感兴趣的话点“我想要”和我私聊吧 包邮 只穿过一次拍照 有飞机盒 大全套  ,210   ,link: ,https://www.goofish.com/item?id=908993610873&categoryId=126860305
咩耶原创蔷薇花语笼Lolita洋装，月白蓝三段JSK，XL码 ，有蝴蝶结和积攒颈饰整理好发货，细节看图，不退不换，需要私聊  ,288   ,link: ,https://www.goofish.com/item?id=910150284183&categoryId=201509401
塔莉亚蓝色S码单裙子 有吊牌 有防尘罩可直拍  ,231   ,link: ,https://www.goofish.com/item?id=909695896923&categoryId=126860305
西瓜气泡水 落樱时 m码 穿一洗一 裙子+坎肩+背后大蝴蝶结+两个小蝴蝶结（绝对正版线下实体店购买）感兴趣的话点“我想要”和我私聊吧～  ,220   ,link: ,https://www.goofish.com/item?id=909796613680&categoryId=201509401
海洋物语改好版 标价出 包邮 仅试穿一次 s码 可刀 感兴趣的话点“我想要”和我私聊吧～  ,240   ,link: ,https://www.goofish.com/item?id=909570373961&categoryId=201509401
【实体店】全新现货！包邮 失眠糖果千层塔塔Lolita 背带裙 尺码：xs，s，m，L码（具体颜色私聊问我有没有码数） 颜色：黄粉，黑白，黑粉，蓝粉，黑红，紫黑，粉黑，粉蓝，粉绿，奶咖，蓝黑，黄粉，巧克力（图片只能放九张 饱饱们可以上网看一下想要的颜色的效果） ...  ,228   ,link: ,https://www.goofish.com/item?id=737444910374&categoryId=126860305
天使颂歌op➕bnt 伯爵夫人lolita m码  ,155   ,link: ,https://www.goofish.com/item?id=894110461451&categoryId=201509401
水蓝色 L码单裙 穿三次没有污渍 感兴趣的话点“我想要”和我私聊吧～  ,240   ,link: ,https://www.goofish.com/item?id=909706357371&categoryId=126860305
樱姬lolita原创设计 浮春生 正版JSK日常轻lo公主裙 m码 有吊牌飞机盒试穿过一次没下水  ,235   ,link: ,https://www.goofish.com/item?id=909959452247&categoryId=126860305
出芙拉小姐洛丽塔连衣裙，生成色M码，短袖op花嫁款，超美！仅 试穿过一次，蝴蝶结拖尾和配套蝴蝶结配饰齐全，还附赠防尘罩和衣架。非偏远地区包邮，爽快的小姐姐送自配云朵裙撑。不议价，售出不退换。感兴趣的快来联系我吧！  ,155   ,link: ,https://www.goofish.com/item?id=910131684539&categoryId=201509401
cr虎斑猫银白背带+围裙+手袋 s码 背带全新仅试 但吊牌剪了标价出  ,228   ,link: ,https://www.goofish.com/item?id=908756491376&categoryId=126860305
来信与诗·夜曲sp|WP原创副牌 哥特修女长短款op围裙双子 多穿loL码 两件套 裙子➕围裙包邮出  ,320   ,link: ,https://www.goofish.com/item?id=908946255491&categoryId=201509401
【出】cutydoll粉色op+白色罩裙➕发饰 sweetsheep家的绝版了 99新 模特穿过一次  ,215   ,link: ,https://www.goofish.com/item?id=909588617847&categoryId=126860305
【蕾娜丝二团定金】经典蓝色系洛丽塔风，甜美风格！全新S码，细 节满满，蕾丝设计超精致。适合喜欢可爱风的你，穿上瞬间变身小公主～尾款改地址  ,130   ,link: ,https://www.goofish.com/item?id=908663283894&categoryId=126860305
樱洛芙原创圣诞节lolita裙克拉拉jsk新年洛丽塔背带 就穿了一次  ,210   ,link: ,https://www.goofish.com/item?id=909298166933&categoryId=201509401
【出】卡米丽娅蓝色m码单裙，仅穿过一次++不包邮+邮费zz 爽快送蓝色花朵头饰飞机盒发货可直拍  ,180   ,link: ,https://www.goofish.com/item?id=909868509837&categoryId=126860305
熊逗酱原创小王子洛丽塔连衣裙日常哥特风优雅上衣背带裙loli ta洋装春秋，牌子熊逗酱，全新带吊牌厂家直发sml三个码数齐全，保真河南发货，只卖正两件套包含上衣和背带裙可以拆卖可以备注不同码数，要的速度，，不放心可以当着快递验货，有吊牌和防拆标，正品保真河南发货可以拆卖 原创正品！保真保正！！ S ...  ,206   ,link: ,https://www.goofish.com/item?id=857938146345&categoryId=126860305
【恋与心悸】韩菇凉~原创设计Lolita洋装华丽花嫁jsk吊 带连衣裙女jsk+内搭白色 s码 无飞机盒  ,190   ,link: ,https://www.goofish.com/item?id=910044340869&categoryId=201509401
白糖少女家小草莓 裙子＋蝴蝶结＋内搭长袖前年买的好像，原本准备在秋冬的时候穿，之前发过鱼后来删掉了，懒得再重新打字，直接把之前小红书的帖子截个图，现在飞机盒好像也丢了，出的原因主要还是对我来说大了，不然挺想留下的，可小刀，同价位也科幻，裙子和内搭可以分开买，有意向的宝宝可直拍，也可以来找我看细节图，爽快会多多塞小礼物  ,185   ,link: ,https://www.goofish.com/item?id=832434938915&categoryId=126860305
急出爱的契约Lolita S码 非正❗️非正❗️非正❗️ 一比一打板，看不出来差距 单裙➕外套➕配饰（无胸前项链无头饰） 仅试穿 几乎全新 没有穿出去过 可直拍 急出可小刀爽快的宝宝送小礼物 不介意非正的宝宝来原价我300入的 包邮❗️包邮❗️  ,210   ,link: ,https://www.goofish.com/item?id=908548851670&categoryId=201509401
克里斯恶之子原创洛丽塔Lolita王子基佬正太装外套连衣裙裤 子套装 外套＋连衣裙＋裤子＝286元 6 原创正品！保真保正！！ S M L码数都有 全新有吊牌防拆扣标 包含衣服上所有配件 厂家渠道直发 外套＋连衣裙＋裤子＝286元  ,286   ,link: ,https://www.goofish.com/item?id=879213970549&categoryId=126860305
【飞行日记Lolita】【成人礼】 标价仅裙子 出生成色s码花嫁款op 仅成人礼穿过一次裙子， 优先全套出 小物（边夹➕脖圈➕拖尾）和裙撑288  ,188   ,link: ,https://www.goofish.com/item?id=907568229655&categoryId=201509401
就成人礼穿过一次 399买的 150不包邮出了 送个裙撑 感兴趣的话点“我想要”和我私聊吧～  ,150   ,link: ,https://www.goofish.com/item?id=909547433973&categoryId=126860305
梅子洋装 勿忘我 罩裙围裙lolita点纱围裙 点纱围裙 生成色 均码全新带吊牌 包手续费，可直接拍 包邮，不换  ,230   ,link: ,https://www.goofish.com/item?id=908603479366&categoryId=201509401
M码莉莉安jsk洛丽塔裙，轻微穿着痕迹，现货。裙子本体，无小 物，适合四季穿着。有意私聊。  ,135   ,link: ,https://www.goofish.com/item?id=910271080023&categoryId=126860305
（白色）小鸟收藏家 核桃博物馆 Lolita l码，9.5新，无瑕疵，是白色  ,150   ,link: ,https://www.goofish.com/item?id=909026305860&categoryId=201509401
全套全新 日牌玉子屋*纯白天使*手作翅膀哥特亚文化束腰吊带半 身裙挂脖上衣 偏小！！适合m的妹子。吊牌还在  ,140   ,link: ,https://www.goofish.com/item?id=909914640581&categoryId=126860305
北极星洛丽塔 兔莓礼盒红色裙子 穿一次 可送官配内搭 可换 私聊看实物  ,250   ,link: ,https://www.goofish.com/item?id=909836772334&categoryId=126860305
星绶天使s码粉色+裙子➕绶带➕大蝴蝶结 爽快包邮  ,180   ,link: ,https://www.goofish.com/item?id=909844477650&categoryId=126860305
【1团尾款】梦境游乐园OP桃子家原创Lolita洛丽塔洋装连 衣裙女 全新  ,150   ,link: ,https://www.goofish.com/item?id=909082842320&categoryId=126860305
【现货】魔法茶会Lolita原创希莉娅的旅程 【现货】魔法茶会Lolita原创希莉娅的旅程印花日常斜摆款JSK裙【L码，绛紫斜摆款JSK】（现卖188包邮。棉麻的，裙子左侧有一个口袋可以放手机。图一官图上身效果。但颜色是绛紫色，过手一遍几乎全新，过手一遍几乎全新，但默认微瑕，但默认微瑕，减少扯头花）  ,188   ,link: ,https://www.goofish.com/item?id=906052009466&categoryId=201509401
樱姬家的竹岁团团（翠绿）大全套 买大了就拍了几张照片洗了一次就放着了包邮出爽快可以随机送一条小甜裙或者jk也是这个码的  ,200   ,link: ,https://www.goofish.com/item?id=909064262154&categoryId=126860305
FS大全套 忒弥斯计划 呼啦啦原创 长款 万圣节lolit a标价包括头巾+op+两种接袖+裙撑+小物包邮可直拍主页包邮物品每多买一件-12(不包邮的话变包邮)  ,236   ,link: ,https://www.goofish.com/item?id=903139872891&categoryId=126860305
直拍【实体店现货】【保正品】小欣原创蔷薇执事JSK 亚文化甜 辣纯欲温柔芭蕾风生日lolita连衣裙 杏粉单裙子-无配饰+飞机盒 158米 杏粉裙子+脖圈+飞机盒 178米 杏粉裙子+手袖+飞机盒 188米 杏粉裙子+手袖+项圈+飞机盒 218米 杏粉裙子+手袖+项圈+发箍+飞机盒-整套...  ,158   ,link: ,https://www.goofish.com/item?id=898234860637&categoryId=201509401
现货绝版lo大刀出 Thirteen二十三 几周 [红圆]标价即全套，含∶裙子+小边夹+bb帽+胸口蝴蝶结+原装飞机盒sax色大码，穿一已洗，如果需要可以帮忙机洗一次再寄出衣服尺码数据∶裙长105，胸围110，肩宽42状态如图，个人没发现什么瑕疵的地方。确定要的话，拍下付款后可以找我拍局部细节图或者视频，指哪拍哪已大刀，不接受到手刀现货，可以直拍，当天发，包邮#Lolita #洛丽塔 #洛丽塔服饰  ,280   ,link: ,https://www.goofish.com/item?id=797951591371&categoryId=126860305
特别可爱的一套 现货168即可带走包含上衣+下裙+围裙+领结  ,168   ,link: ,https://www.goofish.com/item?id=909570269596&categoryId=126860305
立刻和我谈恋爱家粉色花苞裙 仅试穿，无颈饰，吊牌未摘邮费半包  ,150   ,link: ,https://www.goofish.com/item?id=909320194886&categoryId=126860305
白糖少女家的小祈星，m码半包 感兴趣的话点“我想要”和我私聊吧～  ,140   ,link: ,https://www.goofish.com/item?id=909565597160&categoryId=201509401
花花家族亮片流苏层层花边连衣裙魔法大布娃娃老娃子钉珠伴夏泰国 潮牌重工古着毛衣冰冰来了熙妮粉红大脚丫丫花花家族莫代尔打底舒适俏皮连衣裙亮片流苏层层花边公主裙  ,138   ,link: ,https://www.goofish.com/item?id=637772363121&categoryId=126860305
小哎曲原创设计，美味蟹黄堡Lolita裙套装！2XL码，全套 包含op、手袖、项链、帽子，共222。裙子超可爱，汉堡主题，适合各种甜美风场合。有购买记录，到货不喜原价出。有兴趣的可以私聊哦～非偏远地区包邮，偏远地区需补邮费  ,222   ,link: ,https://www.goofish.com/item?id=909549881159&categoryId=126860305
暮眠诗生成咖色xl op➕围裙➕腰带 送小头饰 标价直拍就行 顺丰到付不包手续费 zz全包  ,259   ,link: ,https://www.goofish.com/item?id=908764199429&categoryId=126860305
闲出穿过一次 感兴趣的话点“我想要”和我私聊吧～  ,130   ,link: ,https://www.goofish.com/item?id=910249500932&categoryId=201509401
【现货出】小黄油可可华夫饼Lolita裙，内搭均码＋背带S。 原价228，现标价出。有吊牌，几乎全新，只试穿过一次。喜欢的朋友直接拍，售出不退不换哦！感兴趣的小伙伴快来联系我吧～  ,144   ,link: ,https://www.goofish.com/item?id=910086060418&categoryId=201509401
豹了个猫甜心软糖BW限定花苞裙JSK甜系大蝴蝶结 加一件lo内搭[闪亮]只穿过一次 送去干洗过可直拍 可拆卖两件都是S码裙子280内衬58  ,338   ,link: ,https://www.goofish.com/item?id=852701820812&categoryId=201509401
瑞茜·威瑟斯 原版 星黛露2.0甜美风软妹显瘦高腰上衣半裙套 装 仅穿一次看演唱会，超级显瘦，甜美可爱风。上衣扣子少了一颗，我自己从淘宝买了三个小花扣子换上了。这款套装很适合想要甜美风格的女生，轻松舒适。因为衣柜太满，所以出手。有兴趣的朋友可以联系我哦~  ,148   ,link: ,https://www.goofish.com/item?id=901976222062&categoryId=126860305
【出出出可预留】飞行日Lolita 公主裙花嫁黑红色 仅试穿 M码 拖尾都在 送的项链不知道去哪了 买回来没穿过只有试穿过，可走wx zfb 来个爽快的，星期六发货  ,200   ,link: ,https://www.goofish.com/item?id=908671967126&categoryId=201509401
洛丽塔洋装可爱细闪lolita蓬蓬裙拖尾红色公主感轻礼成人礼 裙，l码但是尺码偏小m也可穿，所有配饰齐全，只穿过一次 乌鲁木齐可自提爽快送裙撑  ,150   ,link: ,https://www.goofish.com/item?id=909682829985&categoryId=201509401
绝版全新出花梦鸾原创设计吸吸猫Lolita，月白款，A码，现 货！只是试穿过一次就一直放衣柜没拿出来家境困难有宝宝希望有中意人带走它有意者请私聊，不退不换哦～  ,238   ,link: ,https://www.goofish.com/item?id=909285150328&categoryId=126860305
【三团尾款】【椿棠】西瓜气泡水原创设计新年款lolitaop 连衣裙  ,199   ,link: ,https://www.goofish.com/item?id=909850876752&categoryId=201509401
甜心执事lolita【实体特价清仓】黑色xl 泡泡短袖款内搭+马甲+半裙+所有蝴蝶结+边夹都是泡泡短袖 裙长42cm全新有吊牌实体店售卖没试穿，正版代理小黄油家 默认泡沫飞机袋发货，没有飞机盒当日4点前拍下当日发，4点后拍下第二天发直接拍，里面有码数区别，能拍就是有码数，点进去看库存，不用问店店  ,178   ,link: ,https://www.goofish.com/item?id=910199460709&categoryId=126860305
现货未知星辰原创收藏匣lolita长袖op洛丽塔外套连衣裙春 秋穿一洗一，L码外套扣子太松拆了缝了子母扣拍下可以送60cm裙撑（不是鱼骨撑）私聊可以看细节半包邮  ,190   ,link: ,https://www.goofish.com/item?id=909847073135&categoryId=201509401
出飞行日记原创，蓝白色花嫁款m码~ 裙子➕拖尾➕腰间边夹2个➕吊链2个 包邮寄出，无脖带  ,213   ,link: ,https://www.goofish.com/item?id=904211962125&categoryId=126860305
黑色杏树洛丽塔晚礼服年会仙气质主持艺考学生日成人… 感兴趣的话点“我想要”和我私聊吧～  ,155   ,link: ,https://www.goofish.com/item?id=909296498460&categoryId=201509401
Alice girl家十字姬洛丽塔，生成粉大全套，M码。买来 在闲鱼上入的，穿过一次，状态几乎全新。包含裙子本体、手袖、蝴蝶结发饰，附赠飞机盒。想要的姐妹快来滴滴我，爽快的小刀可接。24小时发货，有任何问题随时问哦～  ,215   ,link: ,https://www.goofish.com/item?id=910137436085&categoryId=126860305
【猫耳物语】~白糖少女新品原创设计Lolita洋装甜美jsk 吊带连衣裙 黄色jsk+围裙+发箍+短袖内搭+飞机盒 L码 全套出（还送一个猫咪耳朵头饰见p3p4） 到手即可穿 买来运动会穿过一次 无污渍 p3p4为实物图 无滤镜 想要的宝宝来拍哦  ,150   ,link: ,https://www.goofish.com/item?id=908441820083&categoryId=201509401
温柔限定Lolita鎏金指针原创正版冒险家少女cla系腰封 蒸汽朋克风 原创正品！保真保正！！关注成为粉丝粉丝价:衬衫＋腰封＋半裙＋衣服上配饰＝263元S M L码数都有 全新有吊牌防拆扣标 包含衣服上所有配件 厂家渠道直发  ,263   ,link: ,https://www.goofish.com/item?id=844240683295&categoryId=126860305
【内搭➕裙】little butter小黄油家的可可华夫饼l olitam码 全新裙子仅试穿➕内搭均码有吊牌包装袋和官方飞机盒拍下可发裙子状态视频可半包邮费  ,179   ,link: ,https://www.goofish.com/item?id=882924084078&categoryId=126860305
自制原创哥特风汉洋折衷大袖衫Lolita围裙可爱日系圣诞节万 圣节cos 仅试穿私信看细节  ,139   ,link: ,https://www.goofish.com/item?id=909049986195&categoryId=126860305
黑色杏树洛丽塔晚礼服年会仙气质主持艺考学生日成人… 感兴趣的话点“我想要”和我私聊吧～  ,155   ,link: ,https://www.goofish.com/item?id=910207920108&categoryId=201509401
定金 ！！！【条纹草莓】小物头饰及2版官配衬衫 粉色蝴蝶结2版衬衫，搭配可爱条纹草莓图案。颜色：粉色，尺码：M，需定金，尾款需补。适合甜美风搭配，小物件丰富整体造型。出手理由：衣柜清理，诚意转让。售后说明：售出不退不换，购买前请确认。感谢关注，欢迎咨询！  ,200   ,link: ,https://www.goofish.com/item?id=909976904793&categoryId=126860305
梦境芭蕾Lolita蓝色 s码 分体 99新 仅穿一次拍照 ➕官配内搭内搭加裙子一起出 240爽快可包邮  ,240   ,link: ,https://www.goofish.com/item?id=910100840069&categoryId=201509401
【实体店现货】 黑色条纹千层原创lolita裙子心动玩偶洋装 粉甜lo蛋糕裙Lolita古早蝴蝶标价边夹➕蛋糕帽颜色：粉色 黑色链接：粉/黑op➕边夹319粉/黑op➕边夹➕接袖369粉/黑op➕边夹➕蛋糕帽369粉/黑op➕边夹➕蛋糕帽➕接袖399尺码s(80-110) m(110-120) L(120-130)#洛丽塔 #洛丽塔 #Lolita  ,269   ,link: ,https://www.goofish.com/item?id=898571714569&categoryId=126860305
现货正品实体店现货芭蕾风山楂浆果原创月光戏法Lolita白菜 萌新入坑狗短显瘦鱼骨周年款 尺码：s-xl 颜色：蓝粉黑 价格：看最后一张价格表官网同步价 单裙子239 短款set279:裙子➕kc➕假领➕大拖尾拍下不付款我改价，私聊备注尺码 长款贵十块钱 不卖山不卖山全新有吊牌 不刀不换不议价 确定...  ,239   ,link: ,https://www.goofish.com/item?id=895377554547&categoryId=201509401
高定如心L码 单裙➕包 裙边微微有点污渍 不介意的拍 感兴趣的话点“我想要”和我私聊吧～  ,200   ,link: ,https://www.goofish.com/item?id=908912519397&categoryId=126860305
替友急出星绶天使红色m码 裙子+绶带+背后蝴蝶结170半包出 可以私聊看状态和细节  ,170   ,link: ,https://www.goofish.com/item?id=910249496681&categoryId=126860305
洛丽猫琉璃幻境生成色，穿过一次，M码。轻微穿着痕迹，现货。喜 欢这种风格的可以看看哦，价格好商量。  ,150   ,link: ,https://www.goofish.com/item?id=909796525599&categoryId=201509401
妄图约定m码送个官配内搭还有发带发带有一点瑕疵裙子的话微瑕 感兴趣的话点“我想要”和我私聊吧～  ,200   ,link: ,https://www.goofish.com/item?id=909984008618&categoryId=126860305
【出】小欣原创蔷薇执事JSK 亚文化甜辣纯欲温柔芭蕾风生日l olita连衣裙蔷薇执事 粉色S码裙子本体➕手绣➕choker穿半天拍照洗了一次 有吊牌尸体状态很新买回来到现在一直套防尘袋挂在柜子里爽快包邮塞小礼物  ,305   ,link: ,https://www.goofish.com/item?id=908789611888&categoryId=126860305
出一个裙子拍照很好看！！！ 原价277r177r出要裙撑的话+30r  ,177   ,link: ,https://www.goofish.com/item?id=909623217529&categoryId=126860305
设计师的礼物原创小王子装洛丽塔女Lolita少年感日常正太基 佬套装 原创正品！保真保正！！ S M L码数都有 全新有吊牌防拆扣标 包含衣服上所有配件 厂家渠道直发 上衣＋背带裙＝216元  ,216   ,link: ,https://www.goofish.com/item?id=860056192576&categoryId=126860305
昭和十字姬，之前买的，飞机盒我扔了但是有定金确认函！！包正， m码，就试穿过一次，我出邮费  ,230   ,link: ,https://www.goofish.com/item?id=909050562793&categoryId=201509401
只试穿过一次，m码的，挺好看的，裙撑尾脱都有的 感兴趣的话点“我想要”和我私聊吧～  ,145   ,link: ,https://www.goofish.com/item?id=910221116514&categoryId=126860305
退圈了，带裙撑 感兴趣的话点“我想要”和我私聊吧～  ,200   ,link: ,https://www.goofish.com/item?id=909803933408&categoryId=201509401
【实体店现货】草莓空想曲新型草莓op草莓jsk原创lolit a柄图印花甜系连衣裙 尺码：S M L XL颜色：草莓粉 花苞jsk288kc：39 可以定金预约可直拍～  ,288   ,link: ,https://www.goofish.com/item?id=905308271630&categoryId=126860305
原创玫瑰皿jsk洛丽塔洋装带接袖暗黑哥特风黑红提花Lolit a连衣裙266元关注成为粉丝就是266元原创正品！保真保正！！S M L码数都有 全新有吊牌防拆扣标包含衣服上所有配件 厂家渠道直发 吊带裙＋衣服上配饰＝266元  ,266   ,link: ,https://www.goofish.com/item?id=887503283649&categoryId=126860305
【全新现货】草莓空想曲新型草莓op草莓jsk原创lolita 柄图印花甜系连衣裙 尺码：S M L 颜色：草莓粉 花苞jsk 288kc：39 可以直拍 包邮～可定金预约#Lolita #洛丽塔  ,288   ,link: ,https://www.goofish.com/item?id=907251285156&categoryId=126860305
繁花序曲Lolita原创设计jsk洋装日常连衣裙公主风蝴蝶结 洛丽塔[hot]包含裙子➕花丸单头➕双头花丸➕胸前大蝴蝶结[火]尺码 s m L（最后一张附尺码图）[托腮]实物超美～秒变草莓小蛋糕  ,279   ,link: ,https://www.goofish.com/item?id=871344346009&categoryId=126860305
白糖少女{现货}~厂原创设计Lolita玩偶派对洋装op长袖 连衣裙，只穿过一次  ,150   ,link: ,https://www.goofish.com/item?id=910231380227&categoryId=201509401
暂挂包邮预出L码【宝石之冕】韩菇凉~原创设计Lolita洋装 doll感jsk吊带连衣裙夏季要头饰礼帽的+15r（可不要）到货了拍完照 出会穿一洗一出的时侯会-5r介意别来只要jsk单裙子180r要jsk裙子+头饰礼帽195r  ,185   ,link: ,https://www.goofish.com/item?id=909303021254&categoryId=201509401
【暂挂】#比作夏天#2.0罩裙 优雅百搭lolita罩纱 生成色常规款M码，穿过一次，我瞅着没啥瑕疵，但每个人要求不一样，默认微瑕。  ,190   ,link: ,https://www.goofish.com/item?id=908315159939&categoryId=126860305
